<?xml version="1.0" encoding="UTF-8"?>
<!DOCTYPE html PUBLIC "-//W3C//DTD XHTML 1.0 Transitional//EN"
    "http://www.w3.org/TR/xhtml1/DTD/xhtml1-transitional.dtd">
<html xmlns="http://www.w3.org/1999/xhtml" xml:lang="en" lang="en">
 <head>
  <title></title>
  <meta http-equiv="Content-Type" content="text/html;charset=utf-8"/>
  <meta name='ocr-system' content='tesseract 4.1.0' />
  <meta name='ocr-capabilities' content='ocr_page ocr_carea ocr_par ocr_line ocrx_word ocrp_wconf'/>
 </head>
 <body>
  <div class='ocr_page' id='page_1' title='image "/tmp/tess_2b5n9eld.JPEG"; bbox 0 0 680 1310; ppageno 0'>
   <div class='ocr_carea' id='block_1_1' title="bbox 309 60 320 79">
    <p class='ocr_par' id='par_1_1' lang='nor-frak' title="bbox 309 60 320 79">
     <span class='ocr_line' id='line_1_1' title="bbox 309 60 320 79; baseline 0 0; x_size 26.666666; x_descenders 6.6666665; x_ascenders 6.6666665">
      <span class='ocrx_word' id='word_1_1' title='bbox 309 60 320 79; x_wconf 92'>3</span>
     </span>
    </p>
   </div>
   <div class='ocr_carea' id='block_1_2' title="bbox 31 106 607 358">
    <p class='ocr_par' id='par_1_2' lang='nor-frak' title="bbox 31 106 607 358">
     <span class='ocr_line' id='line_1_2' title="bbox 32 106 603 142; baseline -0.014 -7; x_size 28; x_descenders 5; x_ascenders 7">
      <span class='ocrx_word' id='word_1_2' title='bbox 32 114 146 142; x_wconf 0'>(oeptuma).</span>
      <span class='ocrx_word' id='word_1_3' title='bbox 172 113 240 135; x_wconf 90'>Deres</span>
      <span class='ocrx_word' id='word_1_4' title='bbox 254 110 346 134; x_wconf 91'>Ovinder</span>
      <span class='ocrx_word' id='word_1_5' title='bbox 359 108 413 135; x_wconf 92'>finge</span>
      <span class='ocrx_word' id='word_1_6' title='bbox 432 107 448 129; x_wconf 91'>ei</span>
      <span class='ocrx_word' id='word_1_7' title='bbox 463 106 502 129; x_wconf 91'>Lov</span>
      <span class='ocrx_word' id='word_1_8' title='bbox 517 107 538 128; x_wconf 92'>at</span>
      <span class='ocrx_word' id='word_1_9' title='bbox 552 106 603 128; x_wconf 92'>kom-</span>
     </span>
     <span class='ocr_line' id='line_1_3' title="bbox 32 142 604 177; baseline -0.019 -4; x_size 26; x_descenders 5; x_ascenders 6">
      <span class='ocrx_word' id='word_1_10' title='bbox 32 158 61 173; x_wconf 93'>me</span>
      <span class='ocrx_word' id='word_1_11' title='bbox 77 153 133 177; x_wconf 91'>frem,</span>
      <span class='ocrx_word' id='word_1_12' title='bbox 151 148 238 174; x_wconf 91'>maaskee</span>
      <span class='ocrx_word' id='word_1_13' title='bbox 257 148 279 172; x_wconf 93'>af</span>
      <span class='ocrx_word' id='word_1_14' title='bbox 292 146 411 168; x_wconf 90'>Mændenes</span>
      <span class='ocrx_word' id='word_1_15' title='bbox 430 142 530 169; x_wconf 74'>Jalousie,</span>
      <span class='ocrx_word' id='word_1_16' title='bbox 548 143 604 168; x_wconf 72'>»dog</span>
     </span>
     <span class='ocr_line' id='line_1_4' title="bbox 31 178 605 213; baseline -0.019 -4; x_size 25; x_descenders 4; x_ascenders 5">
      <span class='ocrx_word' id='word_1_17' title='bbox 31 189 75 213; x_wconf 92'>saae</span>
      <span class='ocrx_word' id='word_1_18' title='bbox 89 187 108 208; x_wconf 92'>vi</span>
      <span class='ocrx_word' id='word_1_19' title='bbox 124 188 141 207; x_wconf 92'>et</span>
      <span class='ocrx_word' id='word_1_20' title='bbox 157 191 180 211; x_wconf 93'>og</span>
      <span class='ocrx_word' id='word_1_21' title='bbox 196 186 254 205; x_wconf 93'>andet</span>
      <span class='ocrx_word' id='word_1_22' title='bbox 274 183 313 208; x_wconf 92'>sort</span>
      <span class='ocrx_word' id='word_1_23' title='bbox 331 180 473 204; x_wconf 84'>Qvindehoved</span>
      <span class='ocrx_word' id='word_1_24' title='bbox 492 179 536 200; x_wconf 91'>titte</span>
      <span class='ocrx_word' id='word_1_25' title='bbox 556 178 605 202; x_wconf 92'>frem</span>
     </span>
     <span class='ocr_line' id='line_1_5' title="bbox 33 214 605 245; baseline -0.024 0; x_size 24; x_descenders 3; x_ascenders 8">
      <span class='ocrx_word' id='word_1_26' title='bbox 33 224 108 245; x_wconf 91'>mellem</span>
      <span class='ocrx_word' id='word_1_27' title='bbox 123 221 236 245; x_wconf 88'>Buskene,»</span>
      <span class='ocrx_word' id='word_1_28' title='bbox 252 219 292 244; x_wconf 51'>(Fo</span>
      <span class='ocrx_word' id='word_1_29' title='bbox 308 216 413 241; x_wconf 10'>naturaly</span>
      <span class='ocrx_word' id='word_1_30' title='bbox 427 219 448 234; x_wconf 83'>to</span>
      <span class='ocrx_word' id='word_1_31' title='bbox 467 214 605 234; x_wconf 3'>W1</span>
     </span>
     <span class='ocr_line' id='line_1_6' title="bbox 32 250 606 282; baseline -0.021 -1; x_size 25; x_descenders 4; x_ascenders 6">
      <span class='ocrx_word' id='word_1_32' title='bbox 32 260 114 282; x_wconf 69'>Autois</span>
      <span class='ocrx_word' id='word_1_33' title='bbox 128 257 189 282; x_wconf 89'>Ord).</span>
      <span class='ocrx_word' id='word_1_34' title='bbox 222 254 364 280; x_wconf 89'>Mandfolkene</span>
      <span class='ocrx_word' id='word_1_35' title='bbox 387 257 432 272; x_wconf 92'>vare</span>
      <span class='ocrx_word' id='word_1_36' title='bbox 448 251 505 272; x_wconf 92'>ellers</span>
      <span class='ocrx_word' id='word_1_37' title='bbox 525 251 568 271; x_wconf 91'>rede</span>
      <span class='ocrx_word' id='word_1_38' title='bbox 584 250 606 270; x_wconf 93'>at</span>
     </span>
     <span class='ocr_line' id='line_1_7' title="bbox 33 286 607 320; baseline -0.017 -4; x_size 28; x_descenders 6; x_ascenders 6">
      <span class='ocrx_word' id='word_1_39' title='bbox 33 296 81 320; x_wconf 91'>have</span>
      <span class='ocrx_word' id='word_1_40' title='bbox 96 300 119 315; x_wconf 92'>en</span>
      <span class='ocrx_word' id='word_1_41' title='bbox 134 297 176 312; x_wconf 61'>tøtø</span>
      <span class='ocrx_word' id='word_1_42' title='bbox 187 292 201 311; x_wconf 89'>a</span>
      <span class='ocrx_word' id='word_1_43' title='bbox 214 295 256 311; x_wconf 54'>tetø</span>
      <span class='ocrx_word' id='word_1_44' title='bbox 271 291 313 312; x_wconf 93'>med</span>
      <span class='ocrx_word' id='word_1_45' title='bbox 325 287 503 315; x_wconf 89'>Colonistinderne,</span>
      <span class='ocrx_word' id='word_1_46' title='bbox 519 291 569 307; x_wconf 92'>naar</span>
      <span class='ocrx_word' id='word_1_47' title='bbox 584 286 607 307; x_wconf 87'>de</span>
     </span>
     <span class='ocr_line' id='line_1_8' title="bbox 33 329 205 358; baseline -0.012 -6; x_size 28; x_descenders 7; x_ascenders 5">
      <span class='ocrx_word' id='word_1_48' title='bbox 33 331 86 358; x_wconf 92'>finge</span>
      <span class='ocrx_word' id='word_1_49' title='bbox 101 329 205 352; x_wconf 91'>Audience.</span>
     </span>
    </p>
   </div>
   <div class='ocr_carea' id='block_1_3' title="bbox 35 383 615 812">
    <p class='ocr_par' id='par_1_3' lang='nor-frak' title="bbox 35 383 615 812">
     <span class='ocr_line' id='line_1_9' title="bbox 88 383 608 419; baseline -0.021 -4; x_size 26; x_descenders 4; x_ascenders 6">
      <span class='ocrx_word' id='word_1_50' title='bbox 88 393 138 415; x_wconf 31'>»De</span>
      <span class='ocrx_word' id='word_1_51' title='bbox 152 392 242 419; x_wconf 92'>gjentoge</span>
      <span class='ocrx_word' id='word_1_52' title='bbox 256 391 291 414; x_wconf 91'>alt,</span>
      <span class='ocrx_word' id='word_1_53' title='bbox 301 389 352 415; x_wconf 92'>hvad</span>
      <span class='ocrx_word' id='word_1_54' title='bbox 360 388 380 410; x_wconf 91'>vi</span>
      <span class='ocrx_word' id='word_1_55' title='bbox 396 386 460 414; x_wconf 92'>sagde,</span>
      <span class='ocrx_word' id='word_1_56' title='bbox 475 390 500 412; x_wconf 92'>og</span>
      <span class='ocrx_word' id='word_1_57' title='bbox 515 383 608 410; x_wconf 86'>efterabe-</span>
     </span>
     <span class='ocr_line' id='line_1_10' title="bbox 36 421 610 451; baseline -0.017 -1; x_size 25; x_descenders 4; x_ascenders 6">
      <span class='ocrx_word' id='word_1_58' title='bbox 36 430 58 451; x_wconf 91'>de</span>
      <span class='ocrx_word' id='word_1_59' title='bbox 75 429 111 450; x_wconf 92'>alle</span>
      <span class='ocrx_word' id='word_1_60' title='bbox 125 433 169 449; x_wconf 91'>vore</span>
      <span class='ocrx_word' id='word_1_61' title='bbox 185 427 299 449; x_wconf 91'>Gebærder.</span>
      <span class='ocrx_word' id='word_1_62' title='bbox 326 425 391 451; x_wconf 92'>Nogle</span>
      <span class='ocrx_word' id='word_1_63' title='bbox 406 424 427 448; x_wconf 92'>af</span>
      <span class='ocrx_word' id='word_1_64' title='bbox 441 424 463 443; x_wconf 92'>os</span>
      <span class='ocrx_word' id='word_1_65' title='bbox 478 422 541 446; x_wconf 92'>hørte,</span>
      <span class='ocrx_word' id='word_1_66' title='bbox 549 423 571 441; x_wconf 93'>at</span>
      <span class='ocrx_word' id='word_1_67' title='bbox 586 421 610 441; x_wconf 92'>de</span>
     </span>
     <span class='ocr_line' id='line_1_11' title="bbox 35 455 609 488; baseline -0.019 -1; x_size 26; x_descenders 5; x_ascenders 5">
      <span class='ocrx_word' id='word_1_68' title='bbox 35 464 128 487; x_wconf 91'>tilraabte</span>
      <span class='ocrx_word' id='word_1_69' title='bbox 147 466 170 485; x_wconf 91'>os</span>
      <span class='ocrx_word' id='word_1_70' title='bbox 190 464 220 488; x_wconf 91'>fra</span>
      <span class='ocrx_word' id='word_1_71' title='bbox 239 461 341 487; x_wconf 92'>Buskene,</span>
      <span class='ocrx_word' id='word_1_72' title='bbox 360 465 411 481; x_wconf 92'>naar</span>
      <span class='ocrx_word' id='word_1_73' title='bbox 429 459 449 480; x_wconf 92'>vi</span>
      <span class='ocrx_word' id='word_1_74' title='bbox 468 457 528 484; x_wconf 92'>ginge</span>
      <span class='ocrx_word' id='word_1_75' title='bbox 547 455 609 482; x_wconf 91'>forbi:</span>
     </span>
     <span class='ocr_line' id='line_1_12' title="bbox 36 492 611 526; baseline -0.016 -7; x_size 25; x_descenders 6; x_ascenders 6">
      <span class='ocrx_word' id='word_1_76' title='bbox 36 507 63 526; x_wconf 91'>go</span>
      <span class='ocrx_word' id='word_1_77' title='bbox 78 500 102 523; x_wconf 90'>it,</span>
      <span class='ocrx_word' id='word_1_78' title='bbox 115 506 145 525; x_wconf 85'>ye</span>
      <span class='ocrx_word' id='word_1_79' title='bbox 159 498 249 524; x_wconf 90'>cripples</span>
      <span class='ocrx_word' id='word_1_80' title='bbox 264 501 312 516; x_wconf 92'>crut</span>
      <span class='ocrx_word' id='word_1_81' title='bbox 327 496 375 515; x_wconf 89'>ches</span>
      <span class='ocrx_word' id='word_1_82' title='bbox 388 501 426 514; x_wconf 91'>are</span>
      <span class='ocrx_word' id='word_1_83' title='bbox 440 493 534 518; x_wconf 89'>cheap!»</span>
      <span class='ocrx_word' id='word_1_84' title='bbox 549 492 611 517; x_wconf 89'>(frem</span>
     </span>
     <span class='ocr_line' id='line_1_13' title="bbox 36 527 612 561; baseline -0.017 -4; x_size 28; x_descenders 6; x_ascenders 6">
      <span class='ocrx_word' id='word_1_85' title='bbox 36 537 54 561; x_wconf 93'>I</span>
      <span class='ocrx_word' id='word_1_86' title='bbox 69 536 162 560; x_wconf 92'>Krybere,</span>
      <span class='ocrx_word' id='word_1_87' title='bbox 181 534 289 558; x_wconf 92'>Krykkerne</span>
      <span class='ocrx_word' id='word_1_88' title='bbox 308 538 337 553; x_wconf 92'>ere</span>
      <span class='ocrx_word' id='word_1_89' title='bbox 358 533 404 558; x_wconf 90'>godt</span>
      <span class='ocrx_word' id='word_1_90' title='bbox 419 529 481 553; x_wconf 74'>Kiøb,</span>
      <span class='ocrx_word' id='word_1_91' title='bbox 500 529 545 549; x_wconf 91'>eller</span>
      <span class='ocrx_word' id='word_1_92' title='bbox 560 527 612 552; x_wconf 92'>hvad</span>
     </span>
     <span class='ocr_line' id='line_1_14' title="bbox 38 566 612 596; baseline -0.017 -4; x_size 26; x_descenders 5; x_ascenders 6">
      <span class='ocrx_word' id='word_1_93' title='bbox 38 572 90 593; x_wconf 92'>dette</span>
      <span class='ocrx_word' id='word_1_94' title='bbox 105 569 200 596; x_wconf 91'>Engelske</span>
      <span class='ocrx_word' id='word_1_95' title='bbox 217 568 288 591; x_wconf 92'>Udtryk</span>
      <span class='ocrx_word' id='word_1_96' title='bbox 307 568 334 589; x_wconf 92'>vil</span>
      <span class='ocrx_word' id='word_1_97' title='bbox 354 567 407 592; x_wconf 30'>sige).</span>
      <span class='ocrx_word' id='word_1_98' title='bbox 440 566 518 587; x_wconf 91'>Breton</span>
      <span class='ocrx_word' id='word_1_99' title='bbox 537 568 612 585; x_wconf 92'>mener,</span>
     </span>
     <span class='ocr_line' id='line_1_15' title="bbox 39 598 613 630; baseline -0.019 -1; x_size 26; x_descenders 5; x_ascenders 6">
      <span class='ocrx_word' id='word_1_100' title='bbox 39 609 60 629; x_wconf 91'>at</span>
      <span class='ocrx_word' id='word_1_101' title='bbox 76 608 97 627; x_wconf 93'>de</span>
      <span class='ocrx_word' id='word_1_102' title='bbox 112 605 212 630; x_wconf 91'>Indfødte</span>
      <span class='ocrx_word' id='word_1_103' title='bbox 226 604 286 630; x_wconf 92'>havde</span>
      <span class='ocrx_word' id='word_1_104' title='bbox 302 603 341 627; x_wconf 92'>ofte</span>
      <span class='ocrx_word' id='word_1_105' title='bbox 364 602 409 625; x_wconf 92'>hørt</span>
      <span class='ocrx_word' id='word_1_106' title='bbox 427 599 529 626; x_wconf 89'>Officierer</span>
      <span class='ocrx_word' id='word_1_107' title='bbox 544 598 577 623; x_wconf 92'>saa</span>
      <span class='ocrx_word' id='word_1_108' title='bbox 592 598 613 619; x_wconf 91'>at</span>
     </span>
     <span class='ocr_line' id='line_1_16' title="bbox 39 635 613 666; baseline -0.019 -2; x_size 27; x_descenders 6; x_ascenders 6">
      <span class='ocrx_word' id='word_1_109' title='bbox 39 641 121 664; x_wconf 91'>tilraabe</span>
      <span class='ocrx_word' id='word_1_110' title='bbox 136 645 179 662; x_wconf 92'>dem</span>
      <span class='ocrx_word' id='word_1_111' title='bbox 194 642 233 664; x_wconf 92'>som</span>
      <span class='ocrx_word' id='word_1_112' title='bbox 247 640 305 666; x_wconf 92'>ginge</span>
      <span class='ocrx_word' id='word_1_113' title='bbox 325 641 345 660; x_wconf 93'>at</span>
      <span class='ocrx_word' id='word_1_114' title='bbox 363 636 471 663; x_wconf 92'>undersøge</span>
      <span class='ocrx_word' id='word_1_115' title='bbox 486 635 567 658; x_wconf 90'>Landet,</span>
      <span class='ocrx_word' id='word_1_116' title='bbox 589 639 613 660; x_wconf 93'>og</span>
     </span>
     <span class='ocr_line' id='line_1_17' title="bbox 40 671 615 702; baseline -0.016 -3; x_size 24; x_descenders 4; x_ascenders 5">
      <span class='ocrx_word' id='word_1_117' title='bbox 40 681 61 700; x_wconf 91'>at</span>
      <span class='ocrx_word' id='word_1_118' title='bbox 76 680 97 699; x_wconf 91'>de</span>
      <span class='ocrx_word' id='word_1_119' title='bbox 112 678 210 702; x_wconf 90'>Indfødte</span>
      <span class='ocrx_word' id='word_1_120' title='bbox 225 678 307 699; x_wconf 91'>meente,</span>
      <span class='ocrx_word' id='word_1_121' title='bbox 328 677 348 695; x_wconf 92'>at</span>
      <span class='ocrx_word' id='word_1_122' title='bbox 367 676 419 695; x_wconf 92'>dette</span>
      <span class='ocrx_word' id='word_1_123' title='bbox 433 677 468 693; x_wconf 93'>var</span>
      <span class='ocrx_word' id='word_1_124' title='bbox 483 671 615 697; x_wconf 90'>Englænder-</span>
     </span>
     <span class='ocr_line' id='line_1_18' title="bbox 40 708 614 738; baseline -0.017 -3; x_size 25; x_descenders 4; x_ascenders 6">
      <span class='ocrx_word' id='word_1_125' title='bbox 40 715 77 735; x_wconf 92'>nes</span>
      <span class='ocrx_word' id='word_1_126' title='bbox 98 712 214 738; x_wconf 90'>sædvanlige</span>
      <span class='ocrx_word' id='word_1_127' title='bbox 235 712 309 734; x_wconf 92'>Maade</span>
      <span class='ocrx_word' id='word_1_128' title='bbox 329 712 349 731; x_wconf 93'>at</span>
      <span class='ocrx_word' id='word_1_129' title='bbox 372 709 418 733; x_wconf 92'>hilse</span>
      <span class='ocrx_word' id='word_1_130' title='bbox 440 708 547 732; x_wconf 92'>hverandre</span>
      <span class='ocrx_word' id='word_1_131' title='bbox 568 710 614 732; x_wconf 91'>paa.</span>
     </span>
     <span class='ocr_line' id='line_1_19' title="bbox 41 737 614 777; baseline -0.017 -6; x_size 28; x_descenders 6; x_ascenders 6">
      <span class='ocrx_word' id='word_1_132' title='bbox 41 750 92 777; x_wconf 91'>Han</span>
      <span class='ocrx_word' id='word_1_133' title='bbox 108 749 169 770; x_wconf 90'>kunde</span>
      <span class='ocrx_word' id='word_1_134' title='bbox 185 749 227 774; x_wconf 93'>lagt</span>
      <span class='ocrx_word' id='word_1_135' title='bbox 246 748 281 770; x_wconf 67'>til:</span>
      <span class='ocrx_word' id='word_1_136' title='bbox 299 746 409 772; x_wconf 67'>»Mange</span>
      <span class='ocrx_word' id='word_1_137' title='bbox 426 743 475 766; x_wconf 92'>Tak</span>
      <span class='ocrx_word' id='word_1_138' title='bbox 493 743 531 769; x_wconf 93'>for</span>
      <span class='ocrx_word' id='word_1_139' title='bbox 547 737 614 773; x_wconf 28'>Com-</span>
     </span>
     <span class='ocr_line' id='line_1_20' title="bbox 42 783 212 812; baseline -0.024 -4; x_size 27; x_descenders 5; x_ascenders 6">
      <span class='ocrx_word' id='word_1_140' title='bbox 42 783 212 812; x_wconf 91'>plimenten!»</span>
     </span>
    </p>
   </div>
   <div class='ocr_carea' id='block_1_4' title="bbox 45 843 624 1196">
    <p class='ocr_par' id='par_1_4' lang='nor-frak' title="bbox 45 843 624 1196">
     <span class='ocr_line' id='line_1_21' title="bbox 98 843 617 876; baseline -0.017 -3; x_size 25; x_descenders 4; x_ascenders 6">
      <span class='ocrx_word' id='word_1_141' title='bbox 98 852 130 874; x_wconf 92'>En</span>
      <span class='ocrx_word' id='word_1_142' title='bbox 145 850 240 876; x_wconf 92'>Reisende</span>
      <span class='ocrx_word' id='word_1_143' title='bbox 255 850 285 873; x_wconf 92'>fra</span>
      <span class='ocrx_word' id='word_1_144' title='bbox 300 848 405 871; x_wconf 92'>Danmark</span>
      <span class='ocrx_word' id='word_1_145' title='bbox 420 847 497 873; x_wconf 92'>spurgte</span>
      <span class='ocrx_word' id='word_1_146' title='bbox 516 850 539 866; x_wconf 92'>en</span>
      <span class='ocrx_word' id='word_1_147' title='bbox 553 843 617 869; x_wconf 91'>Norsk</span>
     </span>
     <span class='ocr_line' id='line_1_22' title="bbox 45 880 617 913; baseline -0.014 -5; x_size 25; x_descenders 4; x_ascenders 6">
      <span class='ocrx_word' id='word_1_148' title='bbox 45 889 107 913; x_wconf 92'>Jente</span>
      <span class='ocrx_word' id='word_1_149' title='bbox 126 888 132 908; x_wconf 92'>i</span>
      <span class='ocrx_word' id='word_1_150' title='bbox 152 892 174 908; x_wconf 92'>en</span>
      <span class='ocrx_word' id='word_1_151' title='bbox 195 887 216 909; x_wconf 92'>af</span>
      <span class='ocrx_word' id='word_1_152' title='bbox 234 885 374 912; x_wconf 90'>Fjelddalene,</span>
      <span class='ocrx_word' id='word_1_153' title='bbox 394 884 444 908; x_wconf 92'>hvad</span>
      <span class='ocrx_word' id='word_1_154' title='bbox 463 884 484 903; x_wconf 92'>de</span>
      <span class='ocrx_word' id='word_1_155' title='bbox 504 881 567 903; x_wconf 92'>kaldte</span>
      <span class='ocrx_word' id='word_1_156' title='bbox 585 880 617 901; x_wconf 91'>det</span>
     </span>
     <span class='ocr_line' id='line_1_23' title="bbox 45 915 618 947; baseline -0.014 -3; x_size 28; x_descenders 7; x_ascenders 6">
      <span class='ocrx_word' id='word_1_157' title='bbox 45 923 154 945; x_wconf 91'>Tørklæde,</span>
      <span class='ocrx_word' id='word_1_158' title='bbox 169 923 256 947; x_wconf 91'>Jentene</span>
      <span class='ocrx_word' id='word_1_159' title='bbox 271 920 320 941; x_wconf 92'>bære</span>
      <span class='ocrx_word' id='word_1_160' title='bbox 335 925 366 941; x_wconf 92'>om</span>
      <span class='ocrx_word' id='word_1_161' title='bbox 381 919 483 946; x_wconf 92'>Hovedet;</span>
      <span class='ocrx_word' id='word_1_162' title='bbox 500 916 539 940; x_wconf 92'>hun</span>
      <span class='ocrx_word' id='word_1_163' title='bbox 555 915 618 940; x_wconf 85'>svare-</span>
     </span>
     <span class='ocr_line' id='line_1_24' title="bbox 47 950 619 984; baseline -0.012 -5; x_size 27; x_descenders 5; x_ascenders 7">
      <span class='ocrx_word' id='word_1_164' title='bbox 47 959 81 979; x_wconf 91'>de:</span>
      <span class='ocrx_word' id='word_1_165' title='bbox 99 957 175 984; x_wconf 83'>»Plag,</span>
      <span class='ocrx_word' id='word_1_166' title='bbox 194 957 243 978; x_wconf 91'>kalla</span>
      <span class='ocrx_word' id='word_1_167' title='bbox 261 962 290 976; x_wconf 92'>me</span>
      <span class='ocrx_word' id='word_1_168' title='bbox 310 956 357 977; x_wconf 91'>da.»</span>
      <span class='ocrx_word' id='word_1_169' title='bbox 393 954 444 982; x_wconf 92'>Han</span>
      <span class='ocrx_word' id='word_1_170' title='bbox 463 952 514 978; x_wconf 92'>skrev</span>
      <span class='ocrx_word' id='word_1_171' title='bbox 530 952 553 972; x_wconf 92'>da</span>
      <span class='ocrx_word' id='word_1_172' title='bbox 568 951 575 972; x_wconf 92'>i</span>
      <span class='ocrx_word' id='word_1_173' title='bbox 590 950 619 976; x_wconf 92'>sin</span>
     </span>
     <span class='ocr_line' id='line_1_25' title="bbox 47 987 620 1019; baseline -0.016 -4; x_size 27; x_descenders 5; x_ascenders 7">
      <span class='ocrx_word' id='word_1_174' title='bbox 47 992 146 1019; x_wconf 91'>Dagbog:</span>
      <span class='ocrx_word' id='word_1_175' title='bbox 167 993 197 1017; x_wconf 83'>»I</span>
      <span class='ocrx_word' id='word_1_176' title='bbox 212 993 279 1018; x_wconf 92'>Norge</span>
      <span class='ocrx_word' id='word_1_177' title='bbox 294 992 360 1013; x_wconf 93'>kaldes</span>
      <span class='ocrx_word' id='word_1_178' title='bbox 379 991 411 1010; x_wconf 92'>det</span>
      <span class='ocrx_word' id='word_1_179' title='bbox 425 988 533 1010; x_wconf 91'>Tørklæde,</span>
      <span class='ocrx_word' id='word_1_180' title='bbox 549 987 620 1012; x_wconf 83'>Piger-</span>
     </span>
     <span class='ocr_line' id='line_1_26' title="bbox 48 1021 620 1054; baseline -0.014 -4; x_size 27; x_descenders 7; x_ascenders 6">
      <span class='ocrx_word' id='word_1_181' title='bbox 48 1035 72 1050; x_wconf 91'>ne</span>
      <span class='ocrx_word' id='word_1_182' title='bbox 88 1029 137 1049; x_wconf 90'>bære</span>
      <span class='ocrx_word' id='word_1_183' title='bbox 156 1034 187 1048; x_wconf 92'>om</span>
      <span class='ocrx_word' id='word_1_184' title='bbox 206 1028 298 1054; x_wconf 91'>Hovedet</span>
      <span class='ocrx_word' id='word_1_185' title='bbox 319 1024 518 1051; x_wconf 60'>»Plagkallameda».</span>
      <span class='ocrx_word' id='word_1_186' title='bbox 533 1032 559 1036; x_wconf 88'>–</span>
      <span class='ocrx_word' id='word_1_187' title='bbox 577 1021 620 1043; x_wconf 92'>Det</span>
     </span>
     <span class='ocr_line' id='line_1_27' title="bbox 48 1052 620 1090; baseline -0.012 -6; x_size 25; x_descenders 4; x_ascenders 6">
      <span class='ocrx_word' id='word_1_188' title='bbox 48 1064 89 1090; x_wconf 91'>skal</span>
      <span class='ocrx_word' id='word_1_189' title='bbox 106 1063 183 1088; x_wconf 91'>saamen</span>
      <span class='ocrx_word' id='word_1_190' title='bbox 205 1063 252 1087; x_wconf 90'>have</span>
      <span class='ocrx_word' id='word_1_191' title='bbox 274 1064 334 1082; x_wconf 91'>været</span>
      <span class='ocrx_word' id='word_1_192' title='bbox 355 1062 392 1081; x_wconf 92'>den</span>
      <span class='ocrx_word' id='word_1_193' title='bbox 415 1059 486 1083; x_wconf 92'>samme</span>
      <span class='ocrx_word' id='word_1_194' title='bbox 494 1052 620 1085; x_wconf 87'>Professor,</span>
     </span>
     <span class='ocr_line' id='line_1_28' title="bbox 49 1093 622 1125; baseline -0.016 -5; x_size 26; x_descenders 5; x_ascenders 6">
      <span class='ocrx_word' id='word_1_195' title='bbox 49 1099 139 1125; x_wconf 91'>som</span>
      <span class='ocrx_word' id='word_1_196' title='bbox 85 1089 105 1129; x_wconf 91'>i</span>
      <span class='ocrx_word' id='word_1_197' title='bbox 105 1099 139 1125; x_wconf 91'>sin</span>
      <span class='ocrx_word' id='word_1_198' title='bbox 148 1098 294 1123; x_wconf 91'>Reise</span>
      <span class='ocrx_word' id='word_1_199' title='bbox 212 1089 233 1129; x_wconf 92'>i</span>
      <span class='ocrx_word' id='word_1_200' title='bbox 232 1098 294 1123; x_wconf 91'>Norge</span>
      <span class='ocrx_word' id='word_1_201' title='bbox 304 1097 347 1120; x_wconf 92'>176.</span>
      <span class='ocrx_word' id='word_1_202' title='bbox 376 1094 479 1119; x_wconf 21'>skriver:</span>
      <span class='ocrx_word' id='word_1_203' title='bbox 467 1089 483 1129; x_wconf 21'>I</span>
      <span class='ocrx_word' id='word_1_204' title='bbox 489 1093 556 1118; x_wconf 91'>Norge</span>
      <span class='ocrx_word' id='word_1_205' title='bbox 570 1093 622 1112; x_wconf 91'>ædes</span>
     </span>
     <span class='ocr_line' id='line_1_29' title="bbox 51 1126 623 1157; baseline -0.016 -1; x_size 25; x_descenders 4; x_ascenders 6">
      <span class='ocrx_word' id='word_1_206' title='bbox 51 1135 68 1156; x_wconf 91'>ei</span>
      <span class='ocrx_word' id='word_1_207' title='bbox 81 1135 158 1155; x_wconf 84'>Makrel</span>
      <span class='ocrx_word' id='word_1_208' title='bbox 168 1133 216 1157; x_wconf 91'>fordi</span>
      <span class='ocrx_word' id='word_1_209' title='bbox 226 1133 329 1154; x_wconf 88'>Makrelen</span>
      <span class='ocrx_word' id='word_1_210' title='bbox 341 1132 390 1151; x_wconf 91'>æder</span>
      <span class='ocrx_word' id='word_1_211' title='bbox 398 1128 519 1152; x_wconf 75'>Matroser.»</span>
      <span class='ocrx_word' id='word_1_212' title='bbox 540 1126 623 1151; x_wconf 75'>»Javist</span>
     </span>
     <span class='ocr_line' id='line_1_30' title="bbox 50 1161 624 1196; baseline -0.016 -5; x_size 27; x_descenders 5; x_ascenders 6">
      <span class='ocrx_word' id='word_1_213' title='bbox 50 1169 111 1196; x_wconf 92'>staaer</span>
      <span class='ocrx_word' id='word_1_214' title='bbox 126 1171 158 1190; x_wconf 92'>der</span>
      <span class='ocrx_word' id='word_1_215' title='bbox 181 1168 214 1193; x_wconf 91'>saa</span>
      <span class='ocrx_word' id='word_1_216' title='bbox 231 1167 311 1193; x_wconf 91'>skrevet.</span>
      <span class='ocrx_word' id='word_1_217' title='bbox 337 1166 374 1188; x_wconf 93'>Nu</span>
      <span class='ocrx_word' id='word_1_218' title='bbox 394 1166 467 1186; x_wconf 92'>undrer</span>
      <span class='ocrx_word' id='word_1_219' title='bbox 492 1168 539 1184; x_wconf 92'>man</span>
      <span class='ocrx_word' id='word_1_220' title='bbox 559 1163 586 1189; x_wconf 90'>sig</span>
      <span class='ocrx_word' id='word_1_221' title='bbox 607 1161 624 1182; x_wconf 91'>ei</span>
     </span>
    </p>
   </div>
  </div>
 </body>
</html>
