<?xml version="1.0" encoding="UTF-8"?>
<!DOCTYPE html PUBLIC "-//W3C//DTD XHTML 1.0 Transitional//EN"
    "http://www.w3.org/TR/xhtml1/DTD/xhtml1-transitional.dtd">
<html xmlns="http://www.w3.org/1999/xhtml" xml:lang="en" lang="en">
 <head>
  <title></title>
  <meta http-equiv="Content-Type" content="text/html;charset=utf-8"/>
  <meta name='ocr-system' content='tesseract 4.1.0' />
  <meta name='ocr-capabilities' content='ocr_page ocr_carea ocr_par ocr_line ocrx_word ocrp_wconf'/>
 </head>
 <body>
  <div class='ocr_page' id='page_1' title='image "/tmp/tess_8z09clfa.JPEG"; bbox 0 0 680 1310; ppageno 0'>
   <div class='ocr_carea' id='block_1_1' title="bbox 351 70 364 84">
    <p class='ocr_par' id='par_1_1' lang='nor-frak' title="bbox 351 70 364 84">
     <span class='ocr_line' id='line_1_1' title="bbox 351 70 364 84; baseline 0 0; x_size 20; x_descenders 5; x_ascenders 5">
      <span class='ocrx_word' id='word_1_1' title='bbox 351 70 364 84; x_wconf 89'>2</span>
     </span>
    </p>
   </div>
   <div class='ocr_carea' id='block_1_2' title="bbox 65 115 641 184">
    <p class='ocr_par' id='par_1_2' lang='nor-frak' title="bbox 65 115 641 184">
     <span class='ocr_line' id='line_1_2' title="bbox 67 115 641 151; baseline 0.021 -16; x_size 28; x_descenders 6; x_ascenders 5">
      <span class='ocrx_word' id='word_1_2' title='bbox 67 118 92 135; x_wconf 92'>ne</span>
      <span class='ocrx_word' id='word_1_3' title='bbox 106 115 266 144; x_wconf 92'>Betragtninger</span>
      <span class='ocrx_word' id='word_1_4' title='bbox 280 122 325 140; x_wconf 91'>over</span>
      <span class='ocrx_word' id='word_1_5' title='bbox 337 119 385 147; x_wconf 92'>Hav</span>
      <span class='ocrx_word' id='word_1_6' title='bbox 400 126 424 148; x_wconf 91'>og</span>
      <span class='ocrx_word' id='word_1_7' title='bbox 435 120 535 150; x_wconf 88'>Himmel,</span>
      <span class='ocrx_word' id='word_1_8' title='bbox 551 129 575 151; x_wconf 93'>og</span>
      <span class='ocrx_word' id='word_1_9' title='bbox 590 124 641 151; x_wconf 91'>hvad</span>
     </span>
     <span class='ocr_line' id='line_1_3' title="bbox 65 152 531 184; baseline 0.021 -13; x_size 28; x_descenders 6; x_ascenders 5">
      <span class='ocrx_word' id='word_1_10' title='bbox 65 154 112 171; x_wconf 92'>man</span>
      <span class='ocrx_word' id='word_1_11' title='bbox 128 152 161 173; x_wconf 93'>der</span>
      <span class='ocrx_word' id='word_1_12' title='bbox 175 152 237 175; x_wconf 92'>bliver</span>
      <span class='ocrx_word' id='word_1_13' title='bbox 251 158 304 179; x_wconf 92'>vaer,</span>
      <span class='ocrx_word' id='word_1_14' title='bbox 320 161 344 183; x_wconf 92'>og</span>
      <span class='ocrx_word' id='word_1_15' title='bbox 359 157 467 184; x_wconf 91'>nedskriver</span>
      <span class='ocrx_word' id='word_1_16' title='bbox 482 160 531 181; x_wconf 91'>dem.</span>
     </span>
    </p>
   </div>
   <div class='ocr_carea' id='block_1_3' title="bbox 38 214 636 927">
    <p class='ocr_par' id='par_1_3' lang='nor-frak' title="bbox 38 214 636 927">
     <span class='ocr_line' id='line_1_4' title="bbox 116 214 636 249; baseline 0.023 -15; x_size 28; x_descenders 7; x_ascenders 5">
      <span class='ocrx_word' id='word_1_17' title='bbox 116 214 254 237; x_wconf 90'>Ovennævnte</span>
      <span class='ocrx_word' id='word_1_18' title='bbox 272 218 338 245; x_wconf 92'>Agent</span>
      <span class='ocrx_word' id='word_1_19' title='bbox 355 220 415 245; x_wconf 91'>havde</span>
      <span class='ocrx_word' id='word_1_20' title='bbox 431 224 526 244; x_wconf 91'>averteret</span>
      <span class='ocrx_word' id='word_1_21' title='bbox 544 223 550 245; x_wconf 92'>i</span>
      <span class='ocrx_word' id='word_1_22' title='bbox 564 224 636 249; x_wconf 91'>Avisen</span>
     </span>
     <span class='ocr_line' id='line_1_5' title="bbox 62 251 634 283; baseline 0.014 -11; x_size 26; x_descenders 4; x_ascenders 7">
      <span class='ocrx_word' id='word_1_23' title='bbox 62 251 87 273; x_wconf 92'>til</span>
      <span class='ocrx_word' id='word_1_24' title='bbox 101 252 199 276; x_wconf 91'>ydermere</span>
      <span class='ocrx_word' id='word_1_25' title='bbox 214 253 272 278; x_wconf 92'>Trøst</span>
      <span class='ocrx_word' id='word_1_26' title='bbox 287 260 310 281; x_wconf 93'>og</span>
      <span class='ocrx_word' id='word_1_27' title='bbox 326 255 444 282; x_wconf 89'>Husvalelse</span>
      <span class='ocrx_word' id='word_1_28' title='bbox 463 259 492 283; x_wconf 93'>for</span>
      <span class='ocrx_word' id='word_1_29' title='bbox 511 261 532 280; x_wconf 92'>de</span>
      <span class='ocrx_word' id='word_1_30' title='bbox 548 260 634 282; x_wconf 83'>Medrei-</span>
     </span>
     <span class='ocr_line' id='line_1_6' title="bbox 61 286 634 327; baseline 0.019 -21; x_size 25; x_descenders 5; x_ascenders 6">
      <span class='ocrx_word' id='word_1_31' title='bbox 61 286 126 312; x_wconf 90'>sende,</span>
      <span class='ocrx_word' id='word_1_32' title='bbox 141 290 162 308; x_wconf 92'>at</span>
      <span class='ocrx_word' id='word_1_33' title='bbox 177 293 200 308; x_wconf 92'>en</span>
      <span class='ocrx_word' id='word_1_34' title='bbox 217 290 281 316; x_wconf 92'>duelig</span>
      <span class='ocrx_word' id='word_1_35' title='bbox 297 291 381 319; x_wconf 90'>Chirurg</span>
      <span class='ocrx_word' id='word_1_36' title='bbox 401 298 436 314; x_wconf 92'>var</span>
      <span class='ocrx_word' id='word_1_37' title='bbox 451 294 522 316; x_wconf 91'>blandt</span>
      <span class='ocrx_word' id='word_1_38' title='bbox 527 292 634 327; x_wconf 85'>Passage-</span>
     </span>
     <span class='ocr_line' id='line_1_7' title="bbox 60 323 632 358; baseline 0.019 -15; x_size 28; x_descenders 7; x_ascenders 6">
      <span class='ocrx_word' id='word_1_39' title='bbox 60 328 124 346; x_wconf 92'>rerne,</span>
      <span class='ocrx_word' id='word_1_40' title='bbox 135 323 173 348; x_wconf 90'>som</span>
      <span class='ocrx_word' id='word_1_41' title='bbox 180 325 296 350; x_wconf 90'>ogsaavilde</span>
      <span class='ocrx_word' id='word_1_42' title='bbox 304 328 426 354; x_wconf 89'>emigrere</span>
      <span class='ocrx_word' id='word_1_43' title='bbox 397 319 441 362; x_wconf 93'>til</span>
      <span class='ocrx_word' id='word_1_44' title='bbox 445 319 575 362; x_wconf 85'>Ny-Holland.</span>
      <span class='ocrx_word' id='word_1_45' title='bbox 582 319 632 362; x_wconf 91'>Bre-</span>
     </span>
     <span class='ocr_line' id='line_1_8' title="bbox 59 355 632 399; baseline 0.021 -21; x_size 25; x_descenders 4; x_ascenders 6">
      <span class='ocrx_word' id='word_1_46' title='bbox 59 360 93 380; x_wconf 93'>ton</span>
      <span class='ocrx_word' id='word_1_47' title='bbox 102 359 169 385; x_wconf 92'>gjorde</span>
      <span class='ocrx_word' id='word_1_48' title='bbox 178 361 228 385; x_wconf 92'>hans</span>
      <span class='ocrx_word' id='word_1_49' title='bbox 236 355 378 393; x_wconf 92'>Bekjendtskab</span>
      <span class='ocrx_word' id='word_1_50' title='bbox 387 355 473 393; x_wconf 89'>ombord.</span>
      <span class='ocrx_word' id='word_1_51' title='bbox 491 364 537 399; x_wconf 92'>Hvo</span>
      <span class='ocrx_word' id='word_1_52' title='bbox 541 374 590 389; x_wconf 92'>var</span>
      <span class='ocrx_word' id='word_1_53' title='bbox 600 370 632 391; x_wconf 92'>vel</span>
     </span>
     <span class='ocr_line' id='line_1_9' title="bbox 57 396 630 427; baseline 0.019 -12; x_size 25; x_descenders 5; x_ascenders 5">
      <span class='ocrx_word' id='word_1_54' title='bbox 57 396 121 416; x_wconf 92'>denne</span>
      <span class='ocrx_word' id='word_1_55' title='bbox 129 396 205 417; x_wconf 91'>Doctor</span>
      <span class='ocrx_word' id='word_1_56' title='bbox 219 397 314 422; x_wconf 77'>legitime</span>
      <span class='ocrx_word' id='word_1_57' title='bbox 328 402 451 425; x_wconf 51'>promotusø</span>
      <span class='ocrx_word' id='word_1_58' title='bbox 466 403 495 427; x_wconf 92'>Jo</span>
      <span class='ocrx_word' id='word_1_59' title='bbox 511 405 542 424; x_wconf 92'>det</span>
      <span class='ocrx_word' id='word_1_60' title='bbox 556 409 591 424; x_wconf 91'>var</span>
      <span class='ocrx_word' id='word_1_61' title='bbox 606 410 630 426; x_wconf 91'>en</span>
     </span>
     <span class='ocr_line' id='line_1_10' title="bbox 55 431 629 463; baseline 0.014 -11; x_size 25; x_descenders 4; x_ascenders 6">
      <span class='ocrx_word' id='word_1_62' title='bbox 55 431 234 459; x_wconf 91'>Apothekerdreng,</span>
      <span class='ocrx_word' id='word_1_63' title='bbox 250 435 283 455; x_wconf 92'>der</span>
      <span class='ocrx_word' id='word_1_64' title='bbox 297 435 334 456; x_wconf 92'>kun</span>
      <span class='ocrx_word' id='word_1_65' title='bbox 351 436 412 460; x_wconf 92'>havde</span>
      <span class='ocrx_word' id='word_1_66' title='bbox 423 439 466 458; x_wconf 92'>lært</span>
      <span class='ocrx_word' id='word_1_67' title='bbox 478 440 498 458; x_wconf 92'>at</span>
      <span class='ocrx_word' id='word_1_68' title='bbox 513 438 563 463; x_wconf 90'>støde</span>
      <span class='ocrx_word' id='word_1_69' title='bbox 579 440 629 463; x_wconf 82'>Pul-</span>
     </span>
     <span class='ocr_line' id='line_1_11' title="bbox 55 467 627 500; baseline 0.019 -14; x_size 25; x_descenders 4; x_ascenders 6">
      <span class='ocrx_word' id='word_1_70' title='bbox 55 470 95 487; x_wconf 89'>ver.</span>
      <span class='ocrx_word' id='word_1_71' title='bbox 125 467 175 495; x_wconf 92'>Han</span>
      <span class='ocrx_word' id='word_1_72' title='bbox 197 468 260 493; x_wconf 91'>skulde</span>
      <span class='ocrx_word' id='word_1_73' title='bbox 280 476 358 498; x_wconf 92'>engang</span>
      <span class='ocrx_word' id='word_1_74' title='bbox 379 474 477 497; x_wconf 90'>aarelade,</span>
      <span class='ocrx_word' id='word_1_75' title='bbox 498 474 568 498; x_wconf 91'>hvilket</span>
      <span class='ocrx_word' id='word_1_76' title='bbox 588 476 627 500; x_wconf 92'>han</span>
     </span>
     <span class='ocr_line' id='line_1_12' title="bbox 53 503 626 534; baseline 0.019 -12; x_size 26; x_descenders 6; x_ascenders 5">
      <span class='ocrx_word' id='word_1_77' title='bbox 53 503 118 529; x_wconf 92'>aldrig</span>
      <span class='ocrx_word' id='word_1_78' title='bbox 134 503 164 527; x_wconf 90'>før</span>
      <span class='ocrx_word' id='word_1_79' title='bbox 179 504 239 528; x_wconf 91'>havde</span>
      <span class='ocrx_word' id='word_1_80' title='bbox 254 505 312 531; x_wconf 92'>gjort,</span>
      <span class='ocrx_word' id='word_1_81' title='bbox 335 509 419 534; x_wconf 92'>anlagde</span>
      <span class='ocrx_word' id='word_1_82' title='bbox 434 509 539 533; x_wconf 93'>Bindselet</span>
      <span class='ocrx_word' id='word_1_83' title='bbox 554 512 626 532; x_wconf 92'>neden-</span>
     </span>
     <span class='ocr_line' id='line_1_13' title="bbox 53 538 625 573; baseline 0.017 -15; x_size 28; x_descenders 6; x_ascenders 7">
      <span class='ocrx_word' id='word_1_84' title='bbox 53 538 91 562; x_wconf 91'>for,</span>
      <span class='ocrx_word' id='word_1_85' title='bbox 107 538 204 564; x_wconf 92'>istedetfor</span>
      <span class='ocrx_word' id='word_1_86' title='bbox 219 542 300 563; x_wconf 90'>oventil.</span>
      <span class='ocrx_word' id='word_1_87' title='bbox 333 543 384 569; x_wconf 92'>Han</span>
      <span class='ocrx_word' id='word_1_88' title='bbox 399 543 462 569; x_wconf 92'>skulde</span>
      <span class='ocrx_word' id='word_1_89' title='bbox 478 551 555 573; x_wconf 92'>engang</span>
      <span class='ocrx_word' id='word_1_90' title='bbox 571 553 625 568; x_wconf 91'>aare-</span>
     </span>
     <span class='ocr_line' id='line_1_14' title="bbox 51 575 625 609; baseline 0.017 -15; x_size 25; x_descenders 5; x_ascenders 5">
      <span class='ocrx_word' id='word_1_91' title='bbox 51 575 95 595; x_wconf 92'>lade</span>
      <span class='ocrx_word' id='word_1_92' title='bbox 110 580 134 595; x_wconf 91'>en</span>
      <span class='ocrx_word' id='word_1_93' title='bbox 149 575 205 603; x_wconf 92'>Hest,</span>
      <span class='ocrx_word' id='word_1_94' title='bbox 227 577 283 602; x_wconf 92'>fandt</span>
      <span class='ocrx_word' id='word_1_95' title='bbox 302 578 318 599; x_wconf 92'>ei</span>
      <span class='ocrx_word' id='word_1_96' title='bbox 332 579 398 600; x_wconf 77'>Aaren</span>
      <span class='ocrx_word' id='word_1_97' title='bbox 413 591 439 595; x_wconf 77'>–</span>
      <span class='ocrx_word' id='word_1_98' title='bbox 453 581 526 609; x_wconf 91'>Hesten</span>
      <span class='ocrx_word' id='word_1_99' title='bbox 541 588 625 609; x_wconf 92'>crepere-</span>
     </span>
     <span class='ocr_line' id='line_1_15' title="bbox 50 610 623 642; baseline 0.014 -12; x_size 26; x_descenders 6; x_ascenders 5">
      <span class='ocrx_word' id='word_1_100' title='bbox 50 610 79 630; x_wconf 89'>de.</span>
      <span class='ocrx_word' id='word_1_101' title='bbox 109 611 229 637; x_wconf 75'>Høorlunde</span>
      <span class='ocrx_word' id='word_1_102' title='bbox 244 613 275 639; x_wconf 92'>gik</span>
      <span class='ocrx_word' id='word_1_103' title='bbox 290 615 320 634; x_wconf 92'>det</span>
      <span class='ocrx_word' id='word_1_104' title='bbox 333 615 452 638; x_wconf 86'>Doetoren?</span>
      <span class='ocrx_word' id='word_1_105' title='bbox 470 618 507 642; x_wconf 92'>Jo,</span>
      <span class='ocrx_word' id='word_1_106' title='bbox 523 618 529 639; x_wconf 92'>i</span>
      <span class='ocrx_word' id='word_1_107' title='bbox 545 619 623 640; x_wconf 91'>Swan-</span>
     </span>
     <span class='ocr_line' id='line_1_16' title="bbox 48 644 620 686; baseline 0.021 -22; x_size 27; x_descenders 6; x_ascenders 6">
      <span class='ocrx_word' id='word_1_108' title='bbox 48 644 86 671; x_wconf 91'>bay</span>
      <span class='ocrx_word' id='word_1_109' title='bbox 101 646 153 667; x_wconf 92'>vilde</span>
      <span class='ocrx_word' id='word_1_110' title='bbox 165 647 203 670; x_wconf 92'>han</span>
      <span class='ocrx_word' id='word_1_111' title='bbox 215 650 263 668; x_wconf 92'>vade</span>
      <span class='ocrx_word' id='word_1_112' title='bbox 277 654 322 670; x_wconf 92'>over</span>
      <span class='ocrx_word' id='word_1_113' title='bbox 337 655 360 670; x_wconf 92'>en</span>
      <span class='ocrx_word' id='word_1_114' title='bbox 373 651 429 674; x_wconf 86'>Bæk,</span>
      <span class='ocrx_word' id='word_1_115' title='bbox 438 652 475 673; x_wconf 90'>kun</span>
      <span class='ocrx_word' id='word_1_116' title='bbox 488 659 499 672; x_wconf 75'>2</span>
      <span class='ocrx_word' id='word_1_117' title='bbox 508 654 559 675; x_wconf 90'>Alen</span>
      <span class='ocrx_word' id='word_1_118' title='bbox 575 651 620 686; x_wconf 90'>dyb,</span>
     </span>
     <span class='ocr_line' id='line_1_17' title="bbox 47 681 620 720; baseline 0.017 -19; x_size 26; x_descenders 5; x_ascenders 6">
      <span class='ocrx_word' id='word_1_119' title='bbox 47 681 148 703; x_wconf 92'>Doctoren</span>
      <span class='ocrx_word' id='word_1_120' title='bbox 157 687 192 703; x_wconf 92'>var</span>
      <span class='ocrx_word' id='word_1_121' title='bbox 205 683 243 707; x_wconf 32'>2»</span>
      <span class='ocrx_word' id='word_1_122' title='bbox 251 684 302 705; x_wconf 90'>Alen</span>
      <span class='ocrx_word' id='word_1_123' title='bbox 318 685 361 711; x_wconf 89'>høi;</span>
      <span class='ocrx_word' id='word_1_124' title='bbox 377 686 383 707; x_wconf 90'>i</span>
      <span class='ocrx_word' id='word_1_125' title='bbox 393 686 477 709; x_wconf 90'>Bækken</span>
      <span class='ocrx_word' id='word_1_126' title='bbox 490 693 525 710; x_wconf 91'>var</span>
      <span class='ocrx_word' id='word_1_127' title='bbox 539 695 560 710; x_wconf 92'>en</span>
      <span class='ocrx_word' id='word_1_128' title='bbox 570 686 620 720; x_wconf 92'>smal</span>
     </span>
     <span class='ocr_line' id='line_1_18' title="bbox 47 717 618 748; baseline 0.019 -12; x_size 26.644953; x_descenders 5.6449523; x_ascenders 6">
      <span class='ocrx_word' id='word_1_129' title='bbox 47 717 118 738; x_wconf 92'>Rende</span>
      <span class='ocrx_word' id='word_1_130' title='bbox 137 723 148 742; x_wconf 91'>3</span>
      <span class='ocrx_word' id='word_1_131' title='bbox 168 718 219 739; x_wconf 92'>Alen</span>
      <span class='ocrx_word' id='word_1_132' title='bbox 240 720 286 743; x_wconf 92'>dyb,</span>
      <span class='ocrx_word' id='word_1_133' title='bbox 308 721 385 743; x_wconf 89'>Doctor</span>
      <span class='ocrx_word' id='word_1_134' title='bbox 404 724 501 745; x_wconf 92'>Klodrian</span>
      <span class='ocrx_word' id='word_1_135' title='bbox 521 725 582 746; x_wconf 92'>kunde</span>
      <span class='ocrx_word' id='word_1_136' title='bbox 601 726 618 748; x_wconf 93'>ei</span>
     </span>
     <span class='ocr_line' id='line_1_19' title="bbox 45 752 617 784; baseline 0.017 -12; x_size 25; x_descenders 4; x_ascenders 6">
      <span class='ocrx_word' id='word_1_137' title='bbox 45 752 130 777; x_wconf 90'>svømme</span>
      <span class='ocrx_word' id='word_1_138' title='bbox 147 759 158 773; x_wconf 91'>2</span>
      <span class='ocrx_word' id='word_1_139' title='bbox 174 753 187 772; x_wconf 74'>a</span>
      <span class='ocrx_word' id='word_1_140' title='bbox 203 759 214 778; x_wconf 82'>3</span>
      <span class='ocrx_word' id='word_1_141' title='bbox 229 755 288 778; x_wconf 92'>Alen,</span>
      <span class='ocrx_word' id='word_1_142' title='bbox 305 757 367 781; x_wconf 92'>derfor</span>
      <span class='ocrx_word' id='word_1_143' title='bbox 383 758 440 782; x_wconf 92'>fandt</span>
      <span class='ocrx_word' id='word_1_144' title='bbox 454 765 500 781; x_wconf 92'>man</span>
      <span class='ocrx_word' id='word_1_145' title='bbox 517 762 560 784; x_wconf 91'>ham</span>
      <span class='ocrx_word' id='word_1_146' title='bbox 572 762 617 784; x_wconf 39'>Da⸗-</span>
     </span>
     <span class='ocr_line' id='line_1_20' title="bbox 42 788 616 819; baseline 0.019 -11; x_size 28; x_descenders 6; x_ascenders 7">
      <span class='ocrx_word' id='word_1_147' title='bbox 42 794 80 814; x_wconf 93'>gen</span>
      <span class='ocrx_word' id='word_1_148' title='bbox 96 789 143 812; x_wconf 92'>efter</span>
      <span class='ocrx_word' id='word_1_149' title='bbox 157 788 246 814; x_wconf 92'>staaende</span>
      <span class='ocrx_word' id='word_1_150' title='bbox 262 791 323 815; x_wconf 92'>smukt</span>
      <span class='ocrx_word' id='word_1_151' title='bbox 337 793 343 814; x_wconf 91'>i</span>
      <span class='ocrx_word' id='word_1_152' title='bbox 357 794 447 816; x_wconf 91'>Attitude</span>
      <span class='ocrx_word' id='word_1_153' title='bbox 463 795 501 819; x_wconf 92'>som</span>
      <span class='ocrx_word' id='word_1_154' title='bbox 518 802 541 817; x_wconf 92'>en</span>
      <span class='ocrx_word' id='word_1_155' title='bbox 554 797 616 819; x_wconf 92'>Støt-</span>
     </span>
     <span class='ocr_line' id='line_1_21' title="bbox 41 824 614 855; baseline 0.019 -11; x_size 26; x_descenders 5; x_ascenders 6">
      <span class='ocrx_word' id='word_1_156' title='bbox 41 825 61 844; x_wconf 92'>te</span>
      <span class='ocrx_word' id='word_1_157' title='bbox 75 824 81 845; x_wconf 92'>i</span>
      <span class='ocrx_word' id='word_1_158' title='bbox 94 825 186 847; x_wconf 92'>Renden,</span>
      <span class='ocrx_word' id='word_1_159' title='bbox 202 828 244 847; x_wconf 92'>med</span>
      <span class='ocrx_word' id='word_1_160' title='bbox 259 829 317 853; x_wconf 92'>nogle</span>
      <span class='ocrx_word' id='word_1_161' title='bbox 337 828 370 852; x_wconf 92'>faa</span>
      <span class='ocrx_word' id='word_1_162' title='bbox 384 830 477 852; x_wconf 92'>Tommer</span>
      <span class='ocrx_word' id='word_1_163' title='bbox 493 832 554 854; x_wconf 92'>Vand</span>
      <span class='ocrx_word' id='word_1_164' title='bbox 569 838 614 855; x_wconf 91'>over</span>
     </span>
     <span class='ocr_line' id='line_1_22' title="bbox 40 859 612 890; baseline 0.017 -11; x_size 28; x_descenders 7; x_ascenders 6">
      <span class='ocrx_word' id='word_1_165' title='bbox 40 859 139 886; x_wconf 92'>Hovedet.</span>
      <span class='ocrx_word' id='word_1_166' title='bbox 166 861 206 883; x_wconf 93'>Om</span>
      <span class='ocrx_word' id='word_1_167' title='bbox 228 862 266 885; x_wconf 93'>han</span>
      <span class='ocrx_word' id='word_1_168' title='bbox 286 862 346 888; x_wconf 92'>staaer</span>
      <span class='ocrx_word' id='word_1_169' title='bbox 366 866 398 886; x_wconf 92'>der</span>
      <span class='ocrx_word' id='word_1_170' title='bbox 418 868 490 889; x_wconf 90'>endnu,</span>
      <span class='ocrx_word' id='word_1_171' title='bbox 511 869 548 889; x_wconf 92'>død</span>
      <span class='ocrx_word' id='word_1_172' title='bbox 567 869 612 890; x_wconf 92'>eller</span>
     </span>
     <span class='ocr_line' id='line_1_23' title="bbox 38 896 610 927; baseline 0.019 -12; x_size 25; x_descenders 4; x_ascenders 5">
      <span class='ocrx_word' id='word_1_173' title='bbox 38 896 127 920; x_wconf 92'>levende,</span>
      <span class='ocrx_word' id='word_1_174' title='bbox 142 898 214 918; x_wconf 91'>melder</span>
      <span class='ocrx_word' id='word_1_175' title='bbox 229 898 245 919; x_wconf 91'>ei</span>
      <span class='ocrx_word' id='word_1_176' title='bbox 260 903 294 920; x_wconf 92'>vor</span>
      <span class='ocrx_word' id='word_1_177' title='bbox 307 899 376 921; x_wconf 91'>Autor.</span>
      <span class='ocrx_word' id='word_1_178' title='bbox 404 901 449 923; x_wconf 92'>Der</span>
      <span class='ocrx_word' id='word_1_179' title='bbox 464 901 504 927; x_wconf 92'>foer</span>
      <span class='ocrx_word' id='word_1_180' title='bbox 518 904 555 924; x_wconf 92'>den</span>
      <span class='ocrx_word' id='word_1_181' title='bbox 569 904 610 926; x_wconf 92'>Au-</span>
     </span>
    </p>
   </div>
   <div class='ocr_carea' id='block_1_4' title="bbox 37 929 272 960">
    <p class='ocr_par' id='par_1_4' lang='nor-frak' title="bbox 37 929 272 960">
     <span class='ocr_line' id='line_1_24' title="bbox 37 929 272 960; baseline 0.017 -9; x_size 27; x_descenders 5; x_ascenders 7">
      <span class='ocrx_word' id='word_1_182' title='bbox 37 929 123 957; x_wconf 92'>straliske</span>
      <span class='ocrx_word' id='word_1_183' title='bbox 138 933 272 960; x_wconf 90'>Hypocrates.</span>
     </span>
    </p>
   </div>
   <div class='ocr_carea' id='block_1_5' title="bbox 29 993 605 1203">
    <p class='ocr_par' id='par_1_5' lang='nor-frak' title="bbox 29 993 605 1203">
     <span class='ocr_line' id='line_1_25' title="bbox 89 993 605 1029; baseline 0.021 -16; x_size 26; x_descenders 5; x_ascenders 6">
      <span class='ocrx_word' id='word_1_184' title='bbox 89 993 134 1017; x_wconf 84'>Paa</span>
      <span class='ocrx_word' id='word_1_185' title='bbox 150 994 253 1020; x_wconf 91'>Excursion</span>
      <span class='ocrx_word' id='word_1_186' title='bbox 268 997 274 1019; x_wconf 92'>i</span>
      <span class='ocrx_word' id='word_1_187' title='bbox 290 997 405 1022; x_wconf 91'>Swanbay,</span>
      <span class='ocrx_word' id='word_1_188' title='bbox 424 1000 482 1026; x_wconf 92'>nogle</span>
      <span class='ocrx_word' id='word_1_189' title='bbox 498 1001 551 1023; x_wconf 92'>Mile</span>
      <span class='ocrx_word' id='word_1_190' title='bbox 564 1001 605 1029; x_wconf 91'>(jeg</span>
     </span>
     <span class='ocr_line' id='line_1_26' title="bbox 33 1028 605 1060; baseline 0.016 -11; x_size 25; x_descenders 4; x_ascenders 6">
      <span class='ocrx_word' id='word_1_191' title='bbox 33 1028 62 1049; x_wconf 92'>vil</span>
      <span class='ocrx_word' id='word_1_192' title='bbox 76 1030 163 1050; x_wconf 90'>reducere</span>
      <span class='ocrx_word' id='word_1_193' title='bbox 178 1030 233 1055; x_wconf 92'>stedse</span>
      <span class='ocrx_word' id='word_1_194' title='bbox 249 1033 270 1053; x_wconf 92'>de</span>
      <span class='ocrx_word' id='word_1_195' title='bbox 285 1033 379 1059; x_wconf 92'>Engelske</span>
      <span class='ocrx_word' id='word_1_196' title='bbox 398 1034 422 1056; x_wconf 92'>til</span>
      <span class='ocrx_word' id='word_1_197' title='bbox 436 1035 517 1060; x_wconf 90'>Norske,</span>
      <span class='ocrx_word' id='word_1_198' title='bbox 536 1038 548 1057; x_wconf 93'>6</span>
      <span class='ocrx_word' id='word_1_199' title='bbox 563 1038 605 1060; x_wconf 93'>En-</span>
     </span>
     <span class='ocr_line' id='line_1_27' title="bbox 32 1064 602 1102; baseline 0.018 -18; x_size 25; x_descenders 4; x_ascenders 6">
      <span class='ocrx_word' id='word_1_200' title='bbox 32 1064 94 1090; x_wconf 92'>gelske</span>
      <span class='ocrx_word' id='word_1_201' title='bbox 105 1068 196 1089; x_wconf 92'>omtrent</span>
      <span class='ocrx_word' id='word_1_202' title='bbox 209 1074 232 1088; x_wconf 86'>–</span>
      <span class='ocrx_word' id='word_1_203' title='bbox 248 1073 257 1087; x_wconf 91'>1</span>
      <span class='ocrx_word' id='word_1_204' title='bbox 276 1068 338 1092; x_wconf 91'>Norsk</span>
      <span class='ocrx_word' id='word_1_205' title='bbox 357 1069 417 1094; x_wconf 89'>Miil)</span>
      <span class='ocrx_word' id='word_1_206' title='bbox 440 1070 474 1091; x_wconf 91'>ind</span>
      <span class='ocrx_word' id='word_1_207' title='bbox 492 1071 499 1092; x_wconf 92'>i</span>
      <span class='ocrx_word' id='word_1_208' title='bbox 506 1068 602 1102; x_wconf 91'>Landet,</span>
     </span>
     <span class='ocr_line' id='line_1_28' title="bbox 30 1100 601 1133; baseline 0.018 -14; x_size 25; x_descenders 4; x_ascenders 7">
      <span class='ocrx_word' id='word_1_209' title='bbox 30 1100 72 1122; x_wconf 92'>traf</span>
      <span class='ocrx_word' id='word_1_210' title='bbox 86 1100 162 1121; x_wconf 92'>Breton</span>
      <span class='ocrx_word' id='word_1_211' title='bbox 178 1101 224 1121; x_wconf 86'>204</span>
      <span class='ocrx_word' id='word_1_212' title='bbox 234 1107 260 1126; x_wconf 26'>go</span>
      <span class='ocrx_word' id='word_1_213' title='bbox 270 1104 369 1128; x_wconf 89'>Indfødte</span>
      <span class='ocrx_word' id='word_1_214' title='bbox 384 1104 535 1133; x_wconf 75'>(aborigenes),</span>
      <span class='ocrx_word' id='word_1_215' title='bbox 550 1108 601 1133; x_wconf 88'>høie,</span>
     </span>
     <span class='ocr_line' id='line_1_29' title="bbox 29 1134 601 1167; baseline 0.017 -13; x_size 26; x_descenders 5; x_ascenders 6">
      <span class='ocrx_word' id='word_1_216' title='bbox 29 1134 95 1157; x_wconf 91'>ranke,</span>
      <span class='ocrx_word' id='word_1_217' title='bbox 111 1135 263 1160; x_wconf 90'>stærklemmede,</span>
      <span class='ocrx_word' id='word_1_218' title='bbox 282 1144 352 1162; x_wconf 92'>vævre,</span>
      <span class='ocrx_word' id='word_1_219' title='bbox 368 1141 410 1160; x_wconf 92'>med</span>
      <span class='ocrx_word' id='word_1_220' title='bbox 425 1146 448 1161; x_wconf 92'>en</span>
      <span class='ocrx_word' id='word_1_221' title='bbox 468 1142 537 1167; x_wconf 91'>Fjeder</span>
      <span class='ocrx_word' id='word_1_222' title='bbox 556 1144 601 1164; x_wconf 92'>eller</span>
     </span>
     <span class='ocr_line' id='line_1_30' title="bbox 29 1169 598 1203; baseline 0.018 -14; x_size 27; x_descenders 6; x_ascenders 6">
      <span class='ocrx_word' id='word_1_223' title='bbox 29 1171 47 1191; x_wconf 92'>et</span>
      <span class='ocrx_word' id='word_1_224' title='bbox 61 1169 117 1191; x_wconf 88'>Been</span>
      <span class='ocrx_word' id='word_1_225' title='bbox 137 1171 181 1192; x_wconf 92'>eller</span>
      <span class='ocrx_word' id='word_1_226' title='bbox 200 1178 223 1193; x_wconf 91'>en</span>
      <span class='ocrx_word' id='word_1_227' title='bbox 242 1173 336 1199; x_wconf 92'>Træpind</span>
      <span class='ocrx_word' id='word_1_228' title='bbox 355 1175 447 1201; x_wconf 91'>gjennem</span>
      <span class='ocrx_word' id='word_1_229' title='bbox 460 1177 598 1203; x_wconf 89'>Næsebrusken</span>
     </span>
    </p>
   </div>
  </div>
 </body>
</html>
