<?xml version="1.0" encoding="UTF-8"?>
<!DOCTYPE html PUBLIC "-//W3C//DTD XHTML 1.0 Transitional//EN"
    "http://www.w3.org/TR/xhtml1/DTD/xhtml1-transitional.dtd">
<html xmlns="http://www.w3.org/1999/xhtml" xml:lang="en" lang="en">
 <head>
  <title></title>
  <meta http-equiv="Content-Type" content="text/html;charset=utf-8"/>
  <meta name='ocr-system' content='tesseract 4.1.0' />
  <meta name='ocr-capabilities' content='ocr_page ocr_carea ocr_par ocr_line ocrx_word ocrp_wconf'/>
 </head>
 <body>
  <div class='ocr_page' id='page_1' title='image "/tmp/tess_g_gek9li.JPEG"; bbox 0 0 680 1310; ppageno 0'>
   <div class='ocr_carea' id='block_1_1' title="bbox 302 51 339 72">
    <p class='ocr_par' id='par_1_1' lang='nor-frak' title="bbox 302 51 339 72">
     <span class='ocr_line' id='line_1_1' title="bbox 302 51 339 72; baseline 0.027 -1; x_size 26.666666; x_descenders 6.6666665; x_ascenders 6.6666665">
      <span class='ocrx_word' id='word_1_1' title='bbox 302 51 339 72; x_wconf 0'>rx</span>
     </span>
    </p>
   </div>
   <div class='ocr_carea' id='block_1_2' title="bbox 35 102 607 321">
    <p class='ocr_par' id='par_1_2' lang='nor-frak' title="bbox 35 102 607 321">
     <span class='ocr_line' id='line_1_2' title="bbox 35 102 604 131; baseline -0.019 -1; x_size 21; x_descenders 3; x_ascenders 5">
      <span class='ocrx_word' id='word_1_2' title='bbox 35 114 54 131; x_wconf 90'>te</span>
      <span class='ocrx_word' id='word_1_3' title='bbox 68 117 87 130; x_wconf 92'>en</span>
      <span class='ocrx_word' id='word_1_4' title='bbox 98 111 137 131; x_wconf 92'>sand</span>
      <span class='ocrx_word' id='word_1_5' title='bbox 153 108 267 129; x_wconf 90'>Skamstøtte,</span>
      <span class='ocrx_word' id='word_1_6' title='bbox 285 111 312 125; x_wconf 92'>om</span>
      <span class='ocrx_word' id='word_1_7' title='bbox 326 107 353 128; x_wconf 92'>jeg</span>
      <span class='ocrx_word' id='word_1_8' title='bbox 370 106 429 126; x_wconf 85'>hadde,</span>
      <span class='ocrx_word' id='word_1_9' title='bbox 446 104 489 123; x_wconf 90'>efter</span>
      <span class='ocrx_word' id='word_1_10' title='bbox 505 104 550 124; x_wconf 92'>hans</span>
      <span class='ocrx_word' id='word_1_11' title='bbox 565 102 604 124; x_wconf 91'>eget</span>
     </span>
     <span class='ocr_line' id='line_1_3' title="bbox 36 135 604 165; baseline -0.018 -4; x_size 21; x_descenders 4; x_ascenders 4">
      <span class='ocrx_word' id='word_1_12' title='bbox 36 142 155 165; x_wconf 91'>Forlangende</span>
      <span class='ocrx_word' id='word_1_13' title='bbox 169 141 216 159; x_wconf 92'>ladet</span>
      <span class='ocrx_word' id='word_1_14' title='bbox 229 140 269 162; x_wconf 92'>ham</span>
      <span class='ocrx_word' id='word_1_15' title='bbox 284 140 316 156; x_wconf 91'>den</span>
      <span class='ocrx_word' id='word_1_16' title='bbox 329 137 430 159; x_wconf 91'>offentligen</span>
      <span class='ocrx_word' id='word_1_17' title='bbox 442 135 491 154; x_wconf 79'>reise.</span>
      <span class='ocrx_word' id='word_1_18' title='bbox 515 135 560 152; x_wconf 81'>Men</span>
      <span class='ocrx_word' id='word_1_19' title='bbox 576 138 604 151; x_wconf 92'>om</span>
     </span>
     <span class='ocr_line' id='line_1_4' title="bbox 35 165 605 195; baseline -0.019 -2; x_size 21; x_descenders 3; x_ascenders 5">
      <span class='ocrx_word' id='word_1_20' title='bbox 35 176 73 195; x_wconf 92'>den,</span>
      <span class='ocrx_word' id='word_1_21' title='bbox 86 174 119 193; x_wconf 91'>som</span>
      <span class='ocrx_word' id='word_1_22' title='bbox 131 173 178 195; x_wconf 89'>søger</span>
      <span class='ocrx_word' id='word_1_23' title='bbox 191 171 233 190; x_wconf 89'>Ære</span>
      <span class='ocrx_word' id='word_1_24' title='bbox 244 171 250 188; x_wconf 93'>i</span>
      <span class='ocrx_word' id='word_1_25' title='bbox 264 169 366 191; x_wconf 92'>Skjændsel,</span>
      <span class='ocrx_word' id='word_1_26' title='bbox 380 169 410 185; x_wconf 87'>bør</span>
      <span class='ocrx_word' id='word_1_27' title='bbox 422 172 463 185; x_wconf 92'>man</span>
      <span class='ocrx_word' id='word_1_28' title='bbox 473 167 496 184; x_wconf 92'>tie</span>
      <span class='ocrx_word' id='word_1_29' title='bbox 509 170 556 188; x_wconf 74'>gvar,</span>
      <span class='ocrx_word' id='word_1_30' title='bbox 570 165 605 185; x_wconf 92'>for-</span>
     </span>
     <span class='ocr_line' id='line_1_5' title="bbox 37 195 607 228; baseline -0.019 -4; x_size 21; x_descenders 4; x_ascenders 4">
      <span class='ocrx_word' id='word_1_31' title='bbox 37 208 77 228; x_wconf 92'>agte</span>
      <span class='ocrx_word' id='word_1_32' title='bbox 91 210 110 227; x_wconf 92'>og</span>
      <span class='ocrx_word' id='word_1_33' title='bbox 122 204 169 223; x_wconf 91'>vnke.</span>
      <span class='ocrx_word' id='word_1_34' title='bbox 194 204 260 220; x_wconf 93'>Brevet</span>
      <span class='ocrx_word' id='word_1_35' title='bbox 273 206 303 219; x_wconf 93'>var</span>
      <span class='ocrx_word' id='word_1_36' title='bbox 318 203 335 219; x_wconf 92'>et</span>
      <span class='ocrx_word' id='word_1_37' title='bbox 349 201 397 217; x_wconf 93'>Svar</span>
      <span class='ocrx_word' id='word_1_38' title='bbox 413 204 451 221; x_wconf 90'>paa,</span>
      <span class='ocrx_word' id='word_1_39' title='bbox 469 200 487 216; x_wconf 92'>at</span>
      <span class='ocrx_word' id='word_1_40' title='bbox 499 198 525 219; x_wconf 92'>jeg</span>
      <span class='ocrx_word' id='word_1_41' title='bbox 538 198 544 215; x_wconf 93'>i</span>
      <span class='ocrx_word' id='word_1_42' title='bbox 559 198 575 214; x_wconf 93'>et</span>
      <span class='ocrx_word' id='word_1_43' title='bbox 587 195 607 216; x_wconf 92'>af</span>
     </span>
     <span class='ocr_line' id='line_1_6' title="bbox 37 229 606 256; baseline -0.019 0; x_size 20; x_descenders 3; x_ascenders 5">
      <span class='ocrx_word' id='word_1_44' title='bbox 37 239 82 256; x_wconf 92'>mine</span>
      <span class='ocrx_word' id='word_1_45' title='bbox 95 237 200 256; x_wconf 90'>Indsendter</span>
      <span class='ocrx_word' id='word_1_46' title='bbox 213 235 218 252; x_wconf 92'>i</span>
      <span class='ocrx_word' id='word_1_47' title='bbox 232 233 366 255; x_wconf 82'>Morgenbladet</span>
      <span class='ocrx_word' id='word_1_48' title='bbox 377 232 428 252; x_wconf 92'>havde</span>
      <span class='ocrx_word' id='word_1_49' title='bbox 437 231 499 251; x_wconf 88'>yttret,</span>
      <span class='ocrx_word' id='word_1_50' title='bbox 513 230 532 246; x_wconf 92'>at</span>
      <span class='ocrx_word' id='word_1_51' title='bbox 546 229 606 250; x_wconf 91'>Norge</span>
     </span>
     <span class='ocr_line' id='line_1_7' title="bbox 37 261 607 289; baseline -0.018 -2; x_size 22; x_descenders 4; x_ascenders 5">
      <span class='ocrx_word' id='word_1_52' title='bbox 37 269 108 288; x_wconf 92'>befandt</span>
      <span class='ocrx_word' id='word_1_53' title='bbox 119 268 141 289; x_wconf 91'>sig</span>
      <span class='ocrx_word' id='word_1_54' title='bbox 153 267 200 286; x_wconf 92'>saare</span>
      <span class='ocrx_word' id='word_1_55' title='bbox 213 266 239 283; x_wconf 92'>vel</span>
      <span class='ocrx_word' id='word_1_56' title='bbox 249 266 277 283; x_wconf 92'>ved</span>
      <span class='ocrx_word' id='word_1_57' title='bbox 290 265 313 285; x_wconf 92'>sin</span>
      <span class='ocrx_word' id='word_1_58' title='bbox 327 263 451 284; x_wconf 90'>Constitution,</span>
      <span class='ocrx_word' id='word_1_59' title='bbox 465 267 485 283; x_wconf 92'>og</span>
      <span class='ocrx_word' id='word_1_60' title='bbox 497 263 515 278; x_wconf 92'>at</span>
      <span class='ocrx_word' id='word_1_61' title='bbox 527 264 565 280; x_wconf 88'>den,</span>
      <span class='ocrx_word' id='word_1_62' title='bbox 577 261 607 277; x_wconf 91'>der</span>
     </span>
     <span class='ocr_line' id='line_1_8' title="bbox 38 292 572 321; baseline -0.019 -2; x_size 22; x_descenders 4; x_ascenders 6">
      <span class='ocrx_word' id='word_1_63' title='bbox 38 301 66 319; x_wconf 92'>det</span>
      <span class='ocrx_word' id='word_1_64' title='bbox 79 300 94 318; x_wconf 91'>ei</span>
      <span class='ocrx_word' id='word_1_65' title='bbox 106 300 169 321; x_wconf 89'>gjorde,</span>
      <span class='ocrx_word' id='word_1_66' title='bbox 183 298 235 315; x_wconf 92'>kunde</span>
      <span class='ocrx_word' id='word_1_67' title='bbox 248 298 301 318; x_wconf 92'>længe</span>
      <span class='ocrx_word' id='word_1_68' title='bbox 314 295 344 314; x_wconf 92'>nok</span>
      <span class='ocrx_word' id='word_1_69' title='bbox 353 295 436 316; x_wconf 92'>emigrere</span>
      <span class='ocrx_word' id='word_1_70' title='bbox 450 294 472 311; x_wconf 92'>til</span>
      <span class='ocrx_word' id='word_1_71' title='bbox 485 292 572 310; x_wconf 91'>Amerika.</span>
     </span>
    </p>
   </div>
   <div class='ocr_carea' id='block_1_3' title="bbox 39 337 608 430">
    <p class='ocr_par' id='par_1_3' lang='nor-frak' title="bbox 39 337 608 430">
     <span class='ocr_line' id='line_1_9' title="bbox 84 337 608 364; baseline -0.019 -1; x_size 23; x_descenders 5; x_ascenders 6">
      <span class='ocrx_word' id='word_1_72' title='bbox 84 345 161 363; x_wconf 78'>Bretons</span>
      <span class='ocrx_word' id='word_1_73' title='bbox 177 342 277 364; x_wconf 74'>Cxcursions</span>
      <span class='ocrx_word' id='word_1_74' title='bbox 290 346 317 359; x_wconf 92'>ere</span>
      <span class='ocrx_word' id='word_1_75' title='bbox 334 340 367 358; x_wconf 92'>ikke</span>
      <span class='ocrx_word' id='word_1_76' title='bbox 381 340 473 360; x_wconf 91'>forfattede</span>
      <span class='ocrx_word' id='word_1_77' title='bbox 486 338 519 357; x_wconf 87'>som</span>
      <span class='ocrx_word' id='word_1_78' title='bbox 528 342 548 355; x_wconf 87'>en</span>
      <span class='ocrx_word' id='word_1_79' title='bbox 559 337 608 359; x_wconf 92'>Dag-</span>
     </span>
     <span class='ocr_line' id='line_1_10' title="bbox 39 369 608 399; baseline -0.018 -4; x_size 20; x_descenders 3; x_ascenders 5">
      <span class='ocrx_word' id='word_1_80' title='bbox 39 378 78 399; x_wconf 92'>bog.</span>
      <span class='ocrx_word' id='word_1_81' title='bbox 103 377 169 394; x_wconf 92'>Datum</span>
      <span class='ocrx_word' id='word_1_82' title='bbox 184 380 203 397; x_wconf 93'>og</span>
      <span class='ocrx_word' id='word_1_83' title='bbox 216 375 257 393; x_wconf 92'>Aar,</span>
      <span class='ocrx_word' id='word_1_84' title='bbox 271 378 313 391; x_wconf 91'>naar</span>
      <span class='ocrx_word' id='word_1_85' title='bbox 327 373 360 393; x_wconf 92'>han</span>
      <span class='ocrx_word' id='word_1_86' title='bbox 373 372 428 391; x_wconf 91'>forlod</span>
      <span class='ocrx_word' id='word_1_87' title='bbox 447 371 520 389; x_wconf 90'>London,</span>
      <span class='ocrx_word' id='word_1_88' title='bbox 536 369 608 389; x_wconf 75'>anføres</span>
     </span>
     <span class='ocr_line' id='line_1_11' title="bbox 41 397 547 430; baseline -0.018 -3; x_size 22; x_descenders 4; x_ascenders 5">
      <span class='ocrx_word' id='word_1_89' title='bbox 41 409 62 430; x_wconf 91'>ei,</span>
      <span class='ocrx_word' id='word_1_90' title='bbox 72 413 108 427; x_wconf 92'>men</span>
      <span class='ocrx_word' id='word_1_91' title='bbox 122 408 172 429; x_wconf 92'>tidlig</span>
      <span class='ocrx_word' id='word_1_92' title='bbox 184 408 190 424; x_wconf 92'>i</span>
      <span class='ocrx_word' id='word_1_93' title='bbox 203 407 257 424; x_wconf 91'>Aaret</span>
      <span class='ocrx_word' id='word_1_94' title='bbox 270 408 313 427; x_wconf 92'>1830</span>
      <span class='ocrx_word' id='word_1_95' title='bbox 327 404 419 422; x_wconf 89'>tiltraadte</span>
      <span class='ocrx_word' id='word_1_96' title='bbox 433 403 465 423; x_wconf 92'>han</span>
      <span class='ocrx_word' id='word_1_97' title='bbox 466 397 547 427; x_wconf 91'>Reisen.</span>
     </span>
    </p>
   </div>
   <div class='ocr_carea' id='block_1_4' title="bbox 43 442 610 538">
    <p class='ocr_par' id='par_1_4' lang='nor-frak' title="bbox 43 442 610 538">
     <span class='ocr_line' id='line_1_12' title="bbox 87 442 609 475; baseline -0.015 -4; x_size 23; x_descenders 5; x_ascenders 5">
      <span class='ocrx_word' id='word_1_98' title='bbox 87 453 119 475; x_wconf 62'>1ste</span>
      <span class='ocrx_word' id='word_1_99' title='bbox 129 453 173 474; x_wconf 85'>Cap.</span>
      <span class='ocrx_word' id='word_1_100' title='bbox 186 452 270 474; x_wconf 92'>begynder</span>
      <span class='ocrx_word' id='word_1_101' title='bbox 284 451 330 469; x_wconf 92'>med:</span>
      <span class='ocrx_word' id='word_1_102' title='bbox 355 449 422 466; x_wconf 91'>»Skibe</span>
      <span class='ocrx_word' id='word_1_103' title='bbox 432 447 493 469; x_wconf 92'>afgaae</span>
      <span class='ocrx_word' id='word_1_104' title='bbox 507 447 529 465; x_wconf 91'>til</span>
      <span class='ocrx_word' id='word_1_105' title='bbox 531 442 609 473; x_wconf 39'>Coloni-</span>
     </span>
     <span class='ocr_line' id='line_1_13' title="bbox 43 479 610 505; baseline -0.016 -2; x_size 22; x_descenders 5; x_ascenders 5">
      <span class='ocrx_word' id='word_1_106' title='bbox 43 490 63 503; x_wconf 91'>en</span>
      <span class='ocrx_word' id='word_1_107' title='bbox 75 485 81 502; x_wconf 92'>i</span>
      <span class='ocrx_word' id='word_1_108' title='bbox 95 484 193 504; x_wconf 90'>Australien</span>
      <span class='ocrx_word' id='word_1_109' title='bbox 206 488 240 505; x_wconf 92'>paa</span>
      <span class='ocrx_word' id='word_1_110' title='bbox 238 475 283 509; x_wconf 91'>alle</span>
      <span class='ocrx_word' id='word_1_111' title='bbox 289 483 353 499; x_wconf 74'>Aarets</span>
      <span class='ocrx_word' id='word_1_112' title='bbox 366 481 425 498; x_wconf 91'>Tider;</span>
      <span class='ocrx_word' id='word_1_113' title='bbox 439 484 475 497; x_wconf 92'>men</span>
      <span class='ocrx_word' id='word_1_114' title='bbox 485 480 503 496; x_wconf 93'>de</span>
      <span class='ocrx_word' id='word_1_115' title='bbox 517 483 543 496; x_wconf 92'>ere</span>
      <span class='ocrx_word' id='word_1_116' title='bbox 552 479 610 500; x_wconf 68'>langt-</span>
     </span>
     <span class='ocr_line' id='line_1_14' title="bbox 43 512 502 538; baseline -0.015 -3; x_size 22; x_descenders 4; x_ascenders 6">
      <span class='ocrx_word' id='word_1_117' title='bbox 43 516 72 538; x_wconf 92'>fra</span>
      <span class='ocrx_word' id='word_1_118' title='bbox 85 516 118 534; x_wconf 92'>ikke</span>
      <span class='ocrx_word' id='word_1_119' title='bbox 129 516 206 535; x_wconf 91'>saasnart</span>
      <span class='ocrx_word' id='word_1_120' title='bbox 220 514 295 536; x_wconf 90'>færdige,</span>
      <span class='ocrx_word' id='word_1_121' title='bbox 308 513 341 534; x_wconf 92'>som</span>
      <span class='ocrx_word' id='word_1_122' title='bbox 354 514 382 530; x_wconf 92'>der</span>
      <span class='ocrx_word' id='word_1_123' title='bbox 396 512 502 529; x_wconf 87'>averteres.»</span>
     </span>
    </p>
   </div>
   <div class='ocr_carea' id='block_1_5' title="bbox 45 554 612 644">
    <p class='ocr_par' id='par_1_5' lang='nor-frak' title="bbox 45 554 612 644">
     <span class='ocr_line' id='line_1_15' title="bbox 89 554 610 580; baseline -0.015 -2; x_size 23; x_descenders 5; x_ascenders 6">
      <span class='ocrx_word' id='word_1_124' title='bbox 89 560 141 580; x_wconf 92'>Efter</span>
      <span class='ocrx_word' id='word_1_125' title='bbox 152 561 197 578; x_wconf 91'>dette</span>
      <span class='ocrx_word' id='word_1_126' title='bbox 214 558 322 580; x_wconf 91'>Foreløbige,</span>
      <span class='ocrx_word' id='word_1_127' title='bbox 340 557 373 576; x_wconf 92'>som</span>
      <span class='ocrx_word' id='word_1_128' title='bbox 392 558 408 574; x_wconf 92'>et</span>
      <span class='ocrx_word' id='word_1_129' title='bbox 425 558 481 572; x_wconf 90'>avant</span>
      <span class='ocrx_word' id='word_1_130' title='bbox 497 560 570 577; x_wconf 92'>propos,</span>
      <span class='ocrx_word' id='word_1_131' title='bbox 585 554 610 572; x_wconf 92'>vil</span>
     </span>
     <span class='ocr_line' id='line_1_16' title="bbox 45 586 612 614; baseline -0.014 -4; x_size 21; x_descenders 4; x_ascenders 5">
      <span class='ocrx_word' id='word_1_132' title='bbox 45 593 74 614; x_wconf 91'>jeg</span>
      <span class='ocrx_word' id='word_1_133' title='bbox 86 593 107 609; x_wconf 93'>da</span>
      <span class='ocrx_word' id='word_1_134' title='bbox 120 592 165 613; x_wconf 91'>følge</span>
      <span class='ocrx_word' id='word_1_135' title='bbox 180 592 231 608; x_wconf 93'>brave</span>
      <span class='ocrx_word' id='word_1_136' title='bbox 244 591 317 609; x_wconf 90'>Breton,</span>
      <span class='ocrx_word' id='word_1_137' title='bbox 329 590 375 606; x_wconf 92'>deels</span>
      <span class='ocrx_word' id='word_1_138' title='bbox 386 588 472 607; x_wconf 81'>ertrahere</span>
      <span class='ocrx_word' id='word_1_139' title='bbox 481 586 499 607; x_wconf 92'>af</span>
      <span class='ocrx_word' id='word_1_140' title='bbox 512 587 557 608; x_wconf 92'>ham,</span>
      <span class='ocrx_word' id='word_1_141' title='bbox 566 587 612 605; x_wconf 91'>deels</span>
     </span>
     <span class='ocr_line' id='line_1_17' title="bbox 46 618 489 644; baseline -0.011 -1; x_size 25.08395; x_descenders 6.0839505; x_ascenders 5">
      <span class='ocrx_word' id='word_1_142' title='bbox 46 623 132 644; x_wconf 90'>oversætte</span>
      <span class='ocrx_word' id='word_1_143' title='bbox 142 624 179 642; x_wconf 91'>Ord</span>
      <span class='ocrx_word' id='word_1_144' title='bbox 189 624 211 641; x_wconf 91'>til</span>
      <span class='ocrx_word' id='word_1_145' title='bbox 221 624 272 640; x_wconf 91'>andet</span>
      <span class='ocrx_word' id='word_1_146' title='bbox 283 620 302 643; x_wconf 92'>af</span>
      <span class='ocrx_word' id='word_1_147' title='bbox 314 621 419 639; x_wconf 91'>ovenmeldte</span>
      <span class='ocrx_word' id='word_1_148' title='bbox 432 618 489 640; x_wconf 69'>Reise.</span>
     </span>
    </p>
   </div>
  </div>
 </body>
</html>
