<?xml version="1.0" encoding="UTF-8"?>
<!DOCTYPE html PUBLIC "-//W3C//DTD XHTML 1.0 Transitional//EN"
    "http://www.w3.org/TR/xhtml1/DTD/xhtml1-transitional.dtd">
<html xmlns="http://www.w3.org/1999/xhtml" xml:lang="en" lang="en">
 <head>
  <title></title>
  <meta http-equiv="Content-Type" content="text/html;charset=utf-8"/>
  <meta name='ocr-system' content='tesseract 4.1.0' />
  <meta name='ocr-capabilities' content='ocr_page ocr_carea ocr_par ocr_line ocrx_word ocrp_wconf'/>
 </head>
 <body>
  <div class='ocr_page' id='page_1' title='image "/tmp/tess_suwoy_91.JPEG"; bbox 0 0 680 1310; ppageno 0'>
   <div class='ocr_carea' id='block_1_1' title="bbox 329 53 392 73">
    <p class='ocr_par' id='par_1_1' lang='nor-frak' title="bbox 329 53 392 73">
     <span class='ocr_line' id='line_1_1' title="bbox 329 53 392 73; baseline 0.016 -1; x_size 26.666666; x_descenders 6.6666665; x_ascenders 6.6666665">
      <span class='ocrx_word' id='word_1_1' title='bbox 329 53 392 73; x_wconf 23'>7TI1</span>
     </span>
    </p>
   </div>
   <div class='ocr_carea' id='block_1_2' title="bbox 67 106 643 193">
    <p class='ocr_par' id='par_1_2' lang='nor-frak' title="bbox 67 106 643 193">
     <span class='ocr_line' id='line_1_2' title="bbox 67 106 643 134; baseline 0.007 -8; x_size 24; x_descenders 5; x_ascenders 5">
      <span class='ocrx_word' id='word_1_2' title='bbox 67 106 99 126; x_wconf 11'>VDa</span>
      <span class='ocrx_word' id='word_1_3' title='bbox 111 108 146 129; x_wconf 92'>han</span>
      <span class='ocrx_word' id='word_1_4' title='bbox 158 107 214 129; x_wconf 88'>hørte,</span>
      <span class='ocrx_word' id='word_1_5' title='bbox 227 107 254 130; x_wconf 91'>jeg</span>
      <span class='ocrx_word' id='word_1_6' title='bbox 268 111 300 127; x_wconf 91'>var</span>
      <span class='ocrx_word' id='word_1_7' title='bbox 312 108 402 130; x_wconf 92'>gridskpaa</span>
      <span class='ocrx_word' id='word_1_8' title='bbox 414 110 434 127; x_wconf 93'>at</span>
      <span class='ocrx_word' id='word_1_9' title='bbox 448 109 471 127; x_wconf 92'>eie</span>
      <span class='ocrx_word' id='word_1_10' title='bbox 485 110 522 131; x_wconf 92'>den,</span>
      <span class='ocrx_word' id='word_1_11' title='bbox 538 109 595 131; x_wconf 90'>sendte</span>
      <span class='ocrx_word' id='word_1_12' title='bbox 607 112 643 134; x_wconf 92'>han</span>
     </span>
     <span class='ocr_line' id='line_1_3' title="bbox 68 139 642 166; baseline 0.01 -9; x_size 24; x_descenders 5; x_ascenders 5">
      <span class='ocrx_word' id='word_1_13' title='bbox 68 139 105 161; x_wconf 92'>mig</span>
      <span class='ocrx_word' id='word_1_14' title='bbox 118 139 145 160; x_wconf 92'>fra</span>
      <span class='ocrx_word' id='word_1_15' title='bbox 163 139 271 161; x_wconf 91'>Christiania</span>
      <span class='ocrx_word' id='word_1_16' title='bbox 287 140 310 159; x_wconf 93'>til</span>
      <span class='ocrx_word' id='word_1_17' title='bbox 326 140 415 159; x_wconf 92'>Souvenir</span>
      <span class='ocrx_word' id='word_1_18' title='bbox 433 141 461 159; x_wconf 92'>det</span>
      <span class='ocrx_word' id='word_1_19' title='bbox 478 143 531 164; x_wconf 92'>eneste</span>
      <span class='ocrx_word' id='word_1_20' title='bbox 546 142 642 166; x_wconf 86'>Exemplar</span>
     </span>
     <span class='ocr_line' id='line_1_4' title="bbox 68 171 217 193; baseline 0 -4; x_size 24.310345; x_descenders 5.3103447; x_ascenders 5">
      <span class='ocrx_word' id='word_1_21' title='bbox 68 171 105 193; x_wconf 87'>han</span>
      <span class='ocrx_word' id='word_1_22' title='bbox 118 171 217 192; x_wconf 91'>medhavde.</span>
     </span>
    </p>
   </div>
   <div class='ocr_carea' id='block_1_3' title="bbox 48 230 639 1192">
    <p class='ocr_par' id='par_1_3' lang='nor-frak' title="bbox 48 230 639 1192">
     <span class='ocr_line' id='line_1_5' title="bbox 111 230 639 256; baseline 0.004 -7; x_size 22; x_descenders 4; x_ascenders 5">
      <span class='ocrx_word' id='word_1_23' title='bbox 111 230 136 251; x_wconf 90'>Af</span>
      <span class='ocrx_word' id='word_1_24' title='bbox 147 232 166 249; x_wconf 92'>de</span>
      <span class='ocrx_word' id='word_1_25' title='bbox 179 232 216 253; x_wconf 92'>Par</span>
      <span class='ocrx_word' id='word_1_26' title='bbox 227 232 284 254; x_wconf 92'>Dage,</span>
      <span class='ocrx_word' id='word_1_27' title='bbox 297 232 330 254; x_wconf 92'>han</span>
      <span class='ocrx_word' id='word_1_28' title='bbox 344 233 415 254; x_wconf 91'>glædede</span>
      <span class='ocrx_word' id='word_1_29' title='bbox 428 233 462 255; x_wconf 91'>mig</span>
      <span class='ocrx_word' id='word_1_30' title='bbox 476 234 512 252; x_wconf 92'>med</span>
      <span class='ocrx_word' id='word_1_31' title='bbox 529 234 552 256; x_wconf 93'>sin</span>
      <span class='ocrx_word' id='word_1_32' title='bbox 567 235 639 253; x_wconf 91'>Nærvæ-</span>
     </span>
     <span class='ocr_line' id='line_1_6' title="bbox 66 262 639 288; baseline 0.007 -8; x_size 21; x_descenders 3; x_ascenders 5">
      <span class='ocrx_word' id='word_1_33' title='bbox 66 262 115 283; x_wconf 91'>relse,</span>
      <span class='ocrx_word' id='word_1_34' title='bbox 129 264 176 281; x_wconf 92'>lærte</span>
      <span class='ocrx_word' id='word_1_35' title='bbox 190 263 218 285; x_wconf 92'>jeg</span>
      <span class='ocrx_word' id='word_1_36' title='bbox 229 264 269 285; x_wconf 92'>ham</span>
      <span class='ocrx_word' id='word_1_37' title='bbox 282 265 301 282; x_wconf 91'>at</span>
      <span class='ocrx_word' id='word_1_38' title='bbox 312 264 369 285; x_wconf 92'>kjende</span>
      <span class='ocrx_word' id='word_1_39' title='bbox 384 265 417 286; x_wconf 92'>som</span>
      <span class='ocrx_word' id='word_1_40' title='bbox 431 270 450 284; x_wconf 92'>en</span>
      <span class='ocrx_word' id='word_1_41' title='bbox 462 267 524 286; x_wconf 92'>Mand,</span>
      <span class='ocrx_word' id='word_1_42' title='bbox 537 267 565 284; x_wconf 93'>der</span>
      <span class='ocrx_word' id='word_1_43' title='bbox 579 267 639 288; x_wconf 92'>brugte</span>
     </span>
     <span class='ocr_line' id='line_1_7' title="bbox 64 293 639 320; baseline 0.007 -8; x_size 23; x_descenders 4; x_ascenders 6">
      <span class='ocrx_word' id='word_1_44' title='bbox 64 294 98 316; x_wconf 92'>sine</span>
      <span class='ocrx_word' id='word_1_45' title='bbox 109 293 163 314; x_wconf 85'>Øine,</span>
      <span class='ocrx_word' id='word_1_46' title='bbox 177 295 217 315; x_wconf 92'>hvor</span>
      <span class='ocrx_word' id='word_1_47' title='bbox 229 295 262 316; x_wconf 93'>han</span>
      <span class='ocrx_word' id='word_1_48' title='bbox 276 295 311 314; x_wconf 92'>foer</span>
      <span class='ocrx_word' id='word_1_49' title='bbox 323 296 373 317; x_wconf 92'>frem.</span>
      <span class='ocrx_word' id='word_1_50' title='bbox 397 297 422 318; x_wconf 92'>Af</span>
      <span class='ocrx_word' id='word_1_51' title='bbox 432 300 538 316; x_wconf 37'>ovevnævnte</span>
      <span class='ocrx_word' id='word_1_52' title='bbox 552 298 595 319; x_wconf 92'>hans</span>
      <span class='ocrx_word' id='word_1_53' title='bbox 602 299 639 320; x_wconf 82'>Pil-</span>
     </span>
     <span class='ocr_line' id='line_1_8' title="bbox 64 326 638 351; baseline 0.009 -8; x_size 23; x_descenders 5; x_ascenders 5">
      <span class='ocrx_word' id='word_1_54' title='bbox 64 326 171 348; x_wconf 91'>legrimeren</span>
      <span class='ocrx_word' id='word_1_55' title='bbox 184 327 189 344; x_wconf 92'>i</span>
      <span class='ocrx_word' id='word_1_56' title='bbox 202 327 261 349; x_wconf 92'>Norge</span>
      <span class='ocrx_word' id='word_1_57' title='bbox 276 327 316 347; x_wconf 91'>sees,</span>
      <span class='ocrx_word' id='word_1_58' title='bbox 328 331 346 346; x_wconf 93'>at</span>
      <span class='ocrx_word' id='word_1_59' title='bbox 360 329 393 349; x_wconf 92'>han</span>
      <span class='ocrx_word' id='word_1_60' title='bbox 405 330 437 351; x_wconf 91'>dog</span>
      <span class='ocrx_word' id='word_1_61' title='bbox 456 330 487 350; x_wconf 92'>har</span>
      <span class='ocrx_word' id='word_1_62' title='bbox 500 330 533 349; x_wconf 91'>seet</span>
      <span class='ocrx_word' id='word_1_63' title='bbox 547 331 603 347; x_wconf 90'>endeel</span>
      <span class='ocrx_word' id='word_1_64' title='bbox 619 329 638 350; x_wconf 92'>af</span>
     </span>
     <span class='ocr_line' id='line_1_9' title="bbox 64 357 638 382; baseline 0.009 -8; x_size 22; x_descenders 4; x_ascenders 5">
      <span class='ocrx_word' id='word_1_65' title='bbox 64 357 93 375; x_wconf 92'>det</span>
      <span class='ocrx_word' id='word_1_66' title='bbox 106 358 127 375; x_wconf 93'>til</span>
      <span class='ocrx_word' id='word_1_67' title='bbox 141 358 200 379; x_wconf 92'>Fjelds</span>
      <span class='ocrx_word' id='word_1_68' title='bbox 214 363 234 380; x_wconf 92'>og</span>
      <span class='ocrx_word' id='word_1_69' title='bbox 254 358 316 379; x_wconf 91'>Fjære.</span>
      <span class='ocrx_word' id='word_1_70' title='bbox 341 360 374 378; x_wconf 93'>Vel</span>
      <span class='ocrx_word' id='word_1_71' title='bbox 388 360 424 378; x_wconf 92'>foer</span>
      <span class='ocrx_word' id='word_1_72' title='bbox 445 361 478 382; x_wconf 93'>han</span>
      <span class='ocrx_word' id='word_1_73' title='bbox 499 361 527 382; x_wconf 92'>her</span>
      <span class='ocrx_word' id='word_1_74' title='bbox 549 362 555 379; x_wconf 92'>i</span>
      <span class='ocrx_word' id='word_1_75' title='bbox 574 362 638 379; x_wconf 92'>Landet</span>
     </span>
     <span class='ocr_line' id='line_1_10' title="bbox 63 389 636 415; baseline 0.009 -10; x_size 21; x_descenders 3; x_ascenders 5">
      <span class='ocrx_word' id='word_1_76' title='bbox 63 390 101 406; x_wconf 92'>med</span>
      <span class='ocrx_word' id='word_1_77' title='bbox 113 389 192 410; x_wconf 92'>Sigvard</span>
      <span class='ocrx_word' id='word_1_78' title='bbox 205 389 340 409; x_wconf 90'>Snarensvends</span>
      <span class='ocrx_word' id='word_1_79' title='bbox 353 392 401 412; x_wconf 92'>Fart,</span>
      <span class='ocrx_word' id='word_1_80' title='bbox 411 397 449 410; x_wconf 93'>men</span>
      <span class='ocrx_word' id='word_1_81' title='bbox 458 394 476 410; x_wconf 93'>de</span>
      <span class='ocrx_word' id='word_1_82' title='bbox 489 393 636 415; x_wconf 88'>Bemærkninger,</span>
     </span>
     <span class='ocr_line' id='line_1_11' title="bbox 63 419 636 445; baseline 0.01 -9; x_size 21; x_descenders 3; x_ascenders 5">
      <span class='ocrx_word' id='word_1_83' title='bbox 63 419 98 440; x_wconf 92'>han</span>
      <span class='ocrx_word' id='word_1_84' title='bbox 111 424 145 441; x_wconf 92'>paa</span>
      <span class='ocrx_word' id='word_1_85' title='bbox 159 420 193 441; x_wconf 91'>sine</span>
      <span class='ocrx_word' id='word_1_86' title='bbox 206 421 317 443; x_wconf 92'>Vandringer</span>
      <span class='ocrx_word' id='word_1_87' title='bbox 330 423 335 440; x_wconf 92'>i</span>
      <span class='ocrx_word' id='word_1_88' title='bbox 349 423 387 443; x_wconf 91'>Nye</span>
      <span class='ocrx_word' id='word_1_89' title='bbox 401 424 475 444; x_wconf 92'>Holland</span>
      <span class='ocrx_word' id='word_1_90' title='bbox 489 425 520 444; x_wconf 93'>har</span>
      <span class='ocrx_word' id='word_1_91' title='bbox 538 424 590 445; x_wconf 92'>gjort,</span>
      <span class='ocrx_word' id='word_1_92' title='bbox 603 424 636 445; x_wconf 73'>rise</span>
     </span>
     <span class='ocr_line' id='line_1_12' title="bbox 63 450 635 476; baseline 0.009 -8; x_size 21; x_descenders 3; x_ascenders 6">
      <span class='ocrx_word' id='word_1_93' title='bbox 63 450 236 473; x_wconf 90'>Jagttagelsesevne.</span>
      <span class='ocrx_word' id='word_1_94' title='bbox 261 454 301 474; x_wconf 92'>Han</span>
      <span class='ocrx_word' id='word_1_95' title='bbox 313 454 337 472; x_wconf 92'>vil</span>
      <span class='ocrx_word' id='word_1_96' title='bbox 351 454 381 472; x_wconf 92'>nok</span>
      <span class='ocrx_word' id='word_1_97' title='bbox 392 454 442 476; x_wconf 92'>ogsaa</span>
      <span class='ocrx_word' id='word_1_98' title='bbox 456 456 516 476; x_wconf 92'>udgive</span>
      <span class='ocrx_word' id='word_1_99' title='bbox 528 456 552 476; x_wconf 92'>sin</span>
      <span class='ocrx_word' id='word_1_100' title='bbox 566 455 616 474; x_wconf 89'>Reise</span>
      <span class='ocrx_word' id='word_1_101' title='bbox 628 456 635 473; x_wconf 92'>i</span>
     </span>
     <span class='ocr_line' id='line_1_13' title="bbox 62 483 634 508; baseline 0.007 -8; x_size 22; x_descenders 4; x_ascenders 5">
      <span class='ocrx_word' id='word_1_102' title='bbox 62 483 128 504; x_wconf 92'>Norge,</span>
      <span class='ocrx_word' id='word_1_103' title='bbox 142 483 175 502; x_wconf 92'>som</span>
      <span class='ocrx_word' id='word_1_104' title='bbox 188 485 244 505; x_wconf 92'>meget</span>
      <span class='ocrx_word' id='word_1_105' title='bbox 256 485 318 506; x_wconf 91'>ligner,</span>
      <span class='ocrx_word' id='word_1_106' title='bbox 332 485 380 508; x_wconf 92'>sagde</span>
      <span class='ocrx_word' id='word_1_107' title='bbox 394 486 434 507; x_wconf 92'>han,</span>
      <span class='ocrx_word' id='word_1_108' title='bbox 450 487 488 508; x_wconf 92'>Nye</span>
      <span class='ocrx_word' id='word_1_109' title='bbox 502 487 587 507; x_wconf 89'>Seeland,</span>
      <span class='ocrx_word' id='word_1_110' title='bbox 600 487 634 506; x_wconf 91'>som</span>
     </span>
     <span class='ocr_line' id='line_1_14' title="bbox 61 514 633 539; baseline 0.009 -8; x_size 22; x_descenders 4; x_ascenders 5">
      <span class='ocrx_word' id='word_1_111' title='bbox 61 514 96 535; x_wconf 92'>han</span>
      <span class='ocrx_word' id='word_1_112' title='bbox 107 514 158 536; x_wconf 92'>ogsaa</span>
      <span class='ocrx_word' id='word_1_113' title='bbox 170 514 244 537; x_wconf 90'>besøgte.</span>
      <span class='ocrx_word' id='word_1_114' title='bbox 269 516 398 538; x_wconf 92'>Fornemmelig</span>
      <span class='ocrx_word' id='word_1_115' title='bbox 412 518 458 539; x_wconf 92'>reiste</span>
      <span class='ocrx_word' id='word_1_116' title='bbox 475 518 507 539; x_wconf 91'>han</span>
      <span class='ocrx_word' id='word_1_117' title='bbox 520 518 525 535; x_wconf 91'>i</span>
      <span class='ocrx_word' id='word_1_118' title='bbox 540 518 578 538; x_wconf 92'>Nye</span>
      <span class='ocrx_word' id='word_1_119' title='bbox 592 519 633 539; x_wconf 92'>Hol-</span>
     </span>
     <span class='ocr_line' id='line_1_15' title="bbox 60 546 633 570; baseline 0.007 -7; x_size 21; x_descenders 3; x_ascenders 5">
      <span class='ocrx_word' id='word_1_120' title='bbox 60 546 103 563; x_wconf 92'>land</span>
      <span class='ocrx_word' id='word_1_121' title='bbox 117 546 168 567; x_wconf 92'>langs</span>
      <span class='ocrx_word' id='word_1_122' title='bbox 179 546 249 568; x_wconf 92'>Kysten,</span>
      <span class='ocrx_word' id='word_1_123' title='bbox 266 552 286 569; x_wconf 92'>og</span>
      <span class='ocrx_word' id='word_1_124' title='bbox 304 548 310 566; x_wconf 92'>i</span>
      <span class='ocrx_word' id='word_1_125' title='bbox 328 549 355 566; x_wconf 92'>det</span>
      <span class='ocrx_word' id='word_1_126' title='bbox 373 548 429 568; x_wconf 92'>Indre</span>
      <span class='ocrx_word' id='word_1_127' title='bbox 445 549 464 569; x_wconf 92'>af</span>
      <span class='ocrx_word' id='word_1_128' title='bbox 480 550 549 570; x_wconf 91'>Landet,</span>
      <span class='ocrx_word' id='word_1_129' title='bbox 568 549 633 569; x_wconf 91'>saavidt</span>
     </span>
     <span class='ocr_line' id='line_1_16' title="bbox 60 577 632 603; baseline 0.007 -9; x_size 21; x_descenders 4; x_ascenders 4">
      <span class='ocrx_word' id='word_1_130' title='bbox 60 581 102 594; x_wconf 92'>man</span>
      <span class='ocrx_word' id='word_1_131' title='bbox 115 577 167 599; x_wconf 92'>hidtil</span>
      <span class='ocrx_word' id='word_1_132' title='bbox 180 578 212 598; x_wconf 93'>har</span>
      <span class='ocrx_word' id='word_1_133' title='bbox 225 579 289 597; x_wconf 92'>kunnet</span>
      <span class='ocrx_word' id='word_1_134' title='bbox 302 580 403 601; x_wconf 92'>indtrænge,</span>
      <span class='ocrx_word' id='word_1_135' title='bbox 417 582 455 602; x_wconf 91'>ppt.</span>
      <span class='ocrx_word' id='word_1_136' title='bbox 468 581 490 598; x_wconf 41'>60</span>
      <span class='ocrx_word' id='word_1_137' title='bbox 503 581 547 600; x_wconf 0'> so</span>
      <span class='ocrx_word' id='word_1_138' title='bbox 558 581 632 603; x_wconf 92'>engelske</span>
     </span>
     <span class='ocr_line' id='line_1_17' title="bbox 59 609 632 633; baseline 0.007 -8; x_size 21; x_descenders 4; x_ascenders 4">
      <span class='ocrx_word' id='word_1_139' title='bbox 59 609 115 626; x_wconf 89'>Mile.</span>
      <span class='ocrx_word' id='word_1_140' title='bbox 140 609 202 630; x_wconf 92'>Bogen</span>
      <span class='ocrx_word' id='word_1_141' title='bbox 216 614 233 627; x_wconf 93'>er</span>
      <span class='ocrx_word' id='word_1_142' title='bbox 247 611 338 632; x_wconf 92'>egentligst</span>
      <span class='ocrx_word' id='word_1_143' title='bbox 351 612 423 633; x_wconf 92'>skreven,</span>
      <span class='ocrx_word' id='word_1_144' title='bbox 438 612 480 633; x_wconf 92'>siger</span>
      <span class='ocrx_word' id='word_1_145' title='bbox 498 613 538 633; x_wconf 92'>han,</span>
      <span class='ocrx_word' id='word_1_146' title='bbox 555 612 581 631; x_wconf 92'>for</span>
      <span class='ocrx_word' id='word_1_147' title='bbox 594 613 632 629; x_wconf 92'>dem</span>
     </span>
     <span class='ocr_line' id='line_1_18' title="bbox 59 638 631 664; baseline 0.005 -7; x_size 22; x_descenders 3; x_ascenders 6">
      <span class='ocrx_word' id='word_1_148' title='bbox 59 638 94 660; x_wconf 92'>som</span>
      <span class='ocrx_word' id='word_1_149' title='bbox 107 638 134 660; x_wconf 92'>fra</span>
      <span class='ocrx_word' id='word_1_150' title='bbox 148 640 230 661; x_wconf 92'>England</span>
      <span class='ocrx_word' id='word_1_151' title='bbox 244 641 284 658; x_wconf 92'>ville</span>
      <span class='ocrx_word' id='word_1_152' title='bbox 298 641 376 661; x_wconf 90'>nedsætte</span>
      <span class='ocrx_word' id='word_1_153' title='bbox 390 642 412 664; x_wconf 92'>sig</span>
      <span class='ocrx_word' id='word_1_154' title='bbox 425 643 430 660; x_wconf 91'>i</span>
      <span class='ocrx_word' id='word_1_155' title='bbox 443 643 481 664; x_wconf 91'>Nye</span>
      <span class='ocrx_word' id='word_1_156' title='bbox 495 643 576 663; x_wconf 92'>Holland,</span>
      <span class='ocrx_word' id='word_1_157' title='bbox 591 643 631 660; x_wconf 89'>emi-</span>
     </span>
     <span class='ocr_line' id='line_1_19' title="bbox 59 670 630 695; baseline 0.005 -8; x_size 22; x_descenders 4; x_ascenders 5">
      <span class='ocrx_word' id='word_1_158' title='bbox 59 674 107 692; x_wconf 91'>grere</span>
      <span class='ocrx_word' id='word_1_159' title='bbox 118 670 176 688; x_wconf 91'>kalder</span>
      <span class='ocrx_word' id='word_1_160' title='bbox 190 671 225 692; x_wconf 93'>han</span>
      <span class='ocrx_word' id='word_1_161' title='bbox 238 673 271 691; x_wconf 92'>det,</span>
      <span class='ocrx_word' id='word_1_162' title='bbox 286 677 306 695; x_wconf 92'>og</span>
      <span class='ocrx_word' id='word_1_163' title='bbox 318 674 346 690; x_wconf 92'>der</span>
      <span class='ocrx_word' id='word_1_164' title='bbox 357 674 396 691; x_wconf 92'>ville</span>
      <span class='ocrx_word' id='word_1_165' title='bbox 410 673 454 691; x_wconf 93'>blive</span>
      <span class='ocrx_word' id='word_1_166' title='bbox 467 674 569 695; x_wconf 91'>Nybyggere</span>
      <span class='ocrx_word' id='word_1_167' title='bbox 579 675 630 694; x_wconf 91'>(Set-</span>
     </span>
     <span class='ocr_line' id='line_1_20' title="bbox 58 701 629 724; baseline 0.009 -5; x_size 20; x_descenders 3; x_ascenders 4">
      <span class='ocrx_word' id='word_1_168' title='bbox 58 701 111 721; x_wconf 91'>lers);</span>
      <span class='ocrx_word' id='word_1_169' title='bbox 118 702 147 719; x_wconf 92'>der</span>
      <span class='ocrx_word' id='word_1_170' title='bbox 157 706 187 720; x_wconf 92'>var</span>
      <span class='ocrx_word' id='word_1_171' title='bbox 199 702 233 720; x_wconf 91'>ikke</span>
      <span class='ocrx_word' id='word_1_172' title='bbox 244 704 313 724; x_wconf 92'>mindste</span>
      <span class='ocrx_word' id='word_1_173' title='bbox 324 705 437 723; x_wconf 90'>Gasconnade</span>
      <span class='ocrx_word' id='word_1_174' title='bbox 450 706 490 723; x_wconf 91'>eller</span>
      <span class='ocrx_word' id='word_1_175' title='bbox 499 706 629 724; x_wconf 91'>Rodomontade</span>
     </span>
     <span class='ocr_line' id='line_1_21' title="bbox 57 732 628 757; baseline 0.011 -8; x_size 23; x_descenders 5; x_ascenders 5">
      <span class='ocrx_word' id='word_1_176' title='bbox 57 734 78 751; x_wconf 92'>at</span>
      <span class='ocrx_word' id='word_1_177' title='bbox 88 732 145 750; x_wconf 92'>mærke</span>
      <span class='ocrx_word' id='word_1_178' title='bbox 159 733 165 751; x_wconf 93'>i</span>
      <span class='ocrx_word' id='word_1_179' title='bbox 180 734 270 753; x_wconf 88'>Mandens</span>
      <span class='ocrx_word' id='word_1_180' title='bbox 284 736 321 757; x_wconf 92'>hele</span>
      <span class='ocrx_word' id='word_1_181' title='bbox 335 736 379 753; x_wconf 91'>Tale</span>
      <span class='ocrx_word' id='word_1_182' title='bbox 398 741 417 757; x_wconf 92'>og</span>
      <span class='ocrx_word' id='word_1_183' title='bbox 432 736 496 755; x_wconf 91'>Væsen.</span>
      <span class='ocrx_word' id='word_1_184' title='bbox 522 737 562 757; x_wconf 92'>Han</span>
      <span class='ocrx_word' id='word_1_185' title='bbox 583 739 628 755; x_wconf 91'>trac-</span>
     </span>
     <span class='ocr_line' id='line_1_22' title="bbox 57 764 628 789; baseline 0.007 -8; x_size 22; x_descenders 4; x_ascenders 5">
      <span class='ocrx_word' id='word_1_186' title='bbox 57 765 113 782; x_wconf 92'>terede</span>
      <span class='ocrx_word' id='word_1_187' title='bbox 126 764 173 784; x_wconf 92'>saare</span>
      <span class='ocrx_word' id='word_1_188' title='bbox 185 764 284 788; x_wconf 91'>behageligt</span>
      <span class='ocrx_word' id='word_1_189' title='bbox 297 768 314 784; x_wconf 92'>et</span>
      <span class='ocrx_word' id='word_1_190' title='bbox 327 767 444 788; x_wconf 92'>Instrument,</span>
      <span class='ocrx_word' id='word_1_191' title='bbox 463 768 491 785; x_wconf 92'>det</span>
      <span class='ocrx_word' id='word_1_192' title='bbox 509 768 542 789; x_wconf 92'>han</span>
      <span class='ocrx_word' id='word_1_193' title='bbox 559 768 628 786; x_wconf 92'>kaldede</span>
     </span>
     <span class='ocr_line' id='line_1_23' title="bbox 56 795 627 821; baseline 0.009 -9; x_size 22; x_descenders 4; x_ascenders 5">
      <span class='ocrx_word' id='word_1_194' title='bbox 56 795 154 817; x_wconf 74'>Flageolet,</span>
      <span class='ocrx_word' id='word_1_195' title='bbox 163 797 208 813; x_wconf 92'>troer</span>
      <span class='ocrx_word' id='word_1_196' title='bbox 222 796 256 818; x_wconf 91'>jeg.</span>
      <span class='ocrx_word' id='word_1_197' title='bbox 280 797 310 815; x_wconf 92'>Da</span>
      <span class='ocrx_word' id='word_1_198' title='bbox 323 799 351 816; x_wconf 92'>det</span>
      <span class='ocrx_word' id='word_1_199' title='bbox 363 803 380 816; x_wconf 93'>er</span>
      <span class='ocrx_word' id='word_1_200' title='bbox 393 799 428 820; x_wconf 91'>mig</span>
      <span class='ocrx_word' id='word_1_201' title='bbox 441 798 488 818; x_wconf 91'>saare</span>
      <span class='ocrx_word' id='word_1_202' title='bbox 501 799 595 821; x_wconf 90'>vanskeligt</span>
      <span class='ocrx_word' id='word_1_203' title='bbox 607 800 627 817; x_wconf 92'>at</span>
     </span>
     <span class='ocr_line' id='line_1_24' title="bbox 55 826 625 851; baseline 0.007 -7; x_size 21; x_descenders 3; x_ascenders 6">
      <span class='ocrx_word' id='word_1_204' title='bbox 55 826 130 847; x_wconf 92'>forstaae</span>
      <span class='ocrx_word' id='word_1_205' title='bbox 143 831 162 845; x_wconf 91'>en</span>
      <span class='ocrx_word' id='word_1_206' title='bbox 172 827 239 847; x_wconf 91'>indfødt</span>
      <span class='ocrx_word' id='word_1_207' title='bbox 249 828 362 850; x_wconf 91'>Englænders</span>
      <span class='ocrx_word' id='word_1_208' title='bbox 371 830 514 850; x_wconf 91'>Pronunciation,</span>
      <span class='ocrx_word' id='word_1_209' title='bbox 526 831 582 848; x_wconf 91'>talede</span>
      <span class='ocrx_word' id='word_1_210' title='bbox 592 831 625 851; x_wconf 92'>han</span>
     </span>
     <span class='ocr_line' id='line_1_25' title="bbox 54 857 625 882; baseline 0.007 -7; x_size 23; x_descenders 3; x_ascenders 7">
      <span class='ocrx_word' id='word_1_211' title='bbox 54 857 110 880; x_wconf 92'>Tydsk</span>
      <span class='ocrx_word' id='word_1_212' title='bbox 123 862 143 879; x_wconf 92'>og</span>
      <span class='ocrx_word' id='word_1_213' title='bbox 157 858 225 880; x_wconf 92'>Fransk,</span>
      <span class='ocrx_word' id='word_1_214' title='bbox 241 859 274 878; x_wconf 93'>som</span>
      <span class='ocrx_word' id='word_1_215' title='bbox 286 859 312 879; x_wconf 92'>for</span>
      <span class='ocrx_word' id='word_1_216' title='bbox 323 860 355 877; x_wconf 92'>mit</span>
      <span class='ocrx_word' id='word_1_217' title='bbox 367 859 404 879; x_wconf 88'>Øre</span>
      <span class='ocrx_word' id='word_1_218' title='bbox 412 860 488 882; x_wconf 92'>klingede</span>
      <span class='ocrx_word' id='word_1_219' title='bbox 498 861 533 882; x_wconf 92'>heel</span>
      <span class='ocrx_word' id='word_1_220' title='bbox 544 861 625 882; x_wconf 92'>forstaae-</span>
     </span>
     <span class='ocr_line' id='line_1_26' title="bbox 53 888 624 912; baseline 0.007 -6; x_size 21; x_descenders 4; x_ascenders 4">
      <span class='ocrx_word' id='word_1_221' title='bbox 53 888 95 910; x_wconf 89'>ligt.</span>
      <span class='ocrx_word' id='word_1_222' title='bbox 111 889 200 910; x_wconf 85'>»Kjender</span>
      <span class='ocrx_word' id='word_1_223' title='bbox 213 895 252 907; x_wconf 92'>man</span>
      <span class='ocrx_word' id='word_1_224' title='bbox 266 891 272 908; x_wconf 93'>i</span>
      <span class='ocrx_word' id='word_1_225' title='bbox 279 890 361 912; x_wconf 92'>England</span>
      <span class='ocrx_word' id='word_1_226' title='bbox 375 892 460 912; x_wconf 90'>Legenden</span>
      <span class='ocrx_word' id='word_1_227' title='bbox 474 896 499 909; x_wconf 93'>om</span>
      <span class='ocrx_word' id='word_1_228' title='bbox 513 892 624 911; x_wconf 91'>Jerusalems</span>
     </span>
     <span class='ocr_line' id='line_1_27' title="bbox 53 919 623 944; baseline 0.009 -8; x_size 21; x_descenders 3; x_ascenders 6">
      <span class='ocrx_word' id='word_1_229' title='bbox 53 919 178 942; x_wconf 92'>Skomager?»</span>
      <span class='ocrx_word' id='word_1_230' title='bbox 203 920 272 943; x_wconf 90'>spurgte</span>
      <span class='ocrx_word' id='word_1_231' title='bbox 290 921 317 943; x_wconf 92'>jeg</span>
      <span class='ocrx_word' id='word_1_232' title='bbox 334 922 380 942; x_wconf 92'>ham,</span>
      <span class='ocrx_word' id='word_1_233' title='bbox 395 922 479 943; x_wconf 85'>»Javist»</span>
      <span class='ocrx_word' id='word_1_234' title='bbox 498 927 529 940; x_wconf 92'>var</span>
      <span class='ocrx_word' id='word_1_235' title='bbox 549 923 623 944; x_wconf 91'>Svaret,</span>
     </span>
     <span class='ocr_line' id='line_1_28' title="bbox 52 950 622 975; baseline 0.009 -8; x_size 22; x_descenders 4; x_ascenders 5">
      <span class='ocrx_word' id='word_1_236' title='bbox 52 950 117 972; x_wconf 41'>»ogsaa</span>
      <span class='ocrx_word' id='word_1_237' title='bbox 130 952 183 969; x_wconf 92'>under</span>
      <span class='ocrx_word' id='word_1_238' title='bbox 195 952 247 970; x_wconf 92'>Navn</span>
      <span class='ocrx_word' id='word_1_239' title='bbox 258 953 277 972; x_wconf 92'>af</span>
      <span class='ocrx_word' id='word_1_240' title='bbox 288 954 319 970; x_wconf 92'>den</span>
      <span class='ocrx_word' id='word_1_241' title='bbox 331 953 377 974; x_wconf 92'>evige</span>
      <span class='ocrx_word' id='word_1_242' title='bbox 389 952 457 972; x_wconf 90'>Jøde.»</span>
      <span class='ocrx_word' id='word_1_243' title='bbox 470 953 518 975; x_wconf 91'>Jeg:</span>
      <span class='ocrx_word' id='word_1_244' title='bbox 536 955 590 972; x_wconf 89'>»Saa</span>
      <span class='ocrx_word' id='word_1_245' title='bbox 604 959 622 972; x_wconf 93'>er</span>
     </span>
     <span class='ocr_line' id='line_1_29' title="bbox 50 981 621 1007; baseline 0.007 -8; x_size 22; x_descenders 4; x_ascenders 5">
      <span class='ocrx_word' id='word_1_246' title='bbox 50 981 79 999; x_wconf 92'>De</span>
      <span class='ocrx_word' id='word_1_247' title='bbox 91 982 112 999; x_wconf 93'>da</span>
      <span class='ocrx_word' id='word_1_248' title='bbox 124 982 155 999; x_wconf 92'>den</span>
      <span class='ocrx_word' id='word_1_249' title='bbox 165 982 275 1006; x_wconf 80'>selvstændige</span>
      <span class='ocrx_word' id='word_1_250' title='bbox 284 983 393 1003; x_wconf 89'>Jerusalems</span>
      <span class='ocrx_word' id='word_1_251' title='bbox 402 983 519 1005; x_wconf 84'>Skomager.»</span>
      <span class='ocrx_word' id='word_1_252' title='bbox 527 994 549 997; x_wconf 84'>–</span>
      <span class='ocrx_word' id='word_1_253' title='bbox 560 986 621 1007; x_wconf 92'>Bogen</span>
     </span>
     <span class='ocr_line' id='line_1_30' title="bbox 51 1012 619 1036; baseline 0.009 -7; x_size 22; x_descenders 4; x_ascenders 5">
      <span class='ocrx_word' id='word_1_254' title='bbox 51 1016 69 1029; x_wconf 92'>er</span>
      <span class='ocrx_word' id='word_1_255' title='bbox 82 1012 157 1030; x_wconf 91'>inddeelt</span>
      <span class='ocrx_word' id='word_1_256' title='bbox 170 1014 176 1030; x_wconf 93'>i</span>
      <span class='ocrx_word' id='word_1_257' title='bbox 188 1018 199 1034; x_wconf 91'>7</span>
      <span class='ocrx_word' id='word_1_258' title='bbox 210 1014 303 1035; x_wconf 77'>Capitler;</span>
      <span class='ocrx_word' id='word_1_259' title='bbox 321 1015 348 1036; x_wconf 93'>jeg</span>
      <span class='ocrx_word' id='word_1_260' title='bbox 362 1015 393 1035; x_wconf 92'>har</span>
      <span class='ocrx_word' id='word_1_261' title='bbox 403 1015 474 1036; x_wconf 93'>udpillet</span>
      <span class='ocrx_word' id='word_1_262' title='bbox 488 1015 507 1034; x_wconf 93'>af</span>
      <span class='ocrx_word' id='word_1_263' title='bbox 520 1016 563 1035; x_wconf 91'>disse</span>
      <span class='ocrx_word' id='word_1_264' title='bbox 585 1017 619 1035; x_wconf 91'>det,</span>
     </span>
     <span class='ocr_line' id='line_1_31' title="bbox 48 1042 618 1066; baseline 0.007 -6; x_size 22; x_descenders 4; x_ascenders 5">
      <span class='ocrx_word' id='word_1_265' title='bbox 48 1042 78 1064; x_wconf 92'>jeg</span>
      <span class='ocrx_word' id='word_1_266' title='bbox 89 1044 136 1061; x_wconf 92'>troer</span>
      <span class='ocrx_word' id='word_1_267' title='bbox 147 1045 166 1061; x_wconf 93'>at</span>
      <span class='ocrx_word' id='word_1_268' title='bbox 175 1044 216 1064; x_wconf 92'>have</span>
      <span class='ocrx_word' id='word_1_269' title='bbox 229 1046 297 1063; x_wconf 91'>almeen</span>
      <span class='ocrx_word' id='word_1_270' title='bbox 309 1045 406 1066; x_wconf 92'>Interesse,</span>
      <span class='ocrx_word' id='word_1_271' title='bbox 418 1047 520 1064; x_wconf 91'>udeladende</span>
      <span class='ocrx_word' id='word_1_272' title='bbox 529 1048 556 1064; x_wconf 91'>det</span>
      <span class='ocrx_word' id='word_1_273' title='bbox 563 1047 618 1064; x_wconf 90'>Belæ-</span>
     </span>
     <span class='ocr_line' id='line_1_32' title="bbox 49 1074 617 1099; baseline 0.007 -8; x_size 22; x_descenders 4; x_ascenders 5">
      <span class='ocrx_word' id='word_1_274' title='bbox 49 1075 107 1092; x_wconf 92'>rende</span>
      <span class='ocrx_word' id='word_1_275' title='bbox 113 1074 139 1093; x_wconf 92'>for</span>
      <span class='ocrx_word' id='word_1_276' title='bbox 152 1074 274 1097; x_wconf 91'>Nybyggerne,</span>
      <span class='ocrx_word' id='word_1_277' title='bbox 287 1078 307 1094; x_wconf 91'>da</span>
      <span class='ocrx_word' id='word_1_278' title='bbox 320 1081 374 1098; x_wconf 92'>neppe</span>
      <span class='ocrx_word' id='word_1_279' title='bbox 381 1077 442 1099; x_wconf 92'>Nogen</span>
      <span class='ocrx_word' id='word_1_280' title='bbox 453 1077 471 1096; x_wconf 92'>af</span>
      <span class='ocrx_word' id='word_1_281' title='bbox 484 1080 502 1095; x_wconf 85'>os</span>
      <span class='ocrx_word' id='word_1_282' title='bbox 515 1078 617 1096; x_wconf 91'>Nordmænd</span>
     </span>
     <span class='ocr_line' id='line_1_33' title="bbox 48 1105 616 1130; baseline 0.007 -8; x_size 22; x_descenders 4; x_ascenders 6">
      <span class='ocrx_word' id='word_1_283' title='bbox 48 1105 74 1122; x_wconf 93'>vil</span>
      <span class='ocrx_word' id='word_1_284' title='bbox 87 1106 169 1127; x_wconf 92'>emigrere</span>
      <span class='ocrx_word' id='word_1_285' title='bbox 183 1106 205 1124; x_wconf 92'>til</span>
      <span class='ocrx_word' id='word_1_286' title='bbox 219 1106 324 1127; x_wconf 30'>Australien,</span>
      <span class='ocrx_word' id='word_1_287' title='bbox 334 1108 368 1125; x_wconf 93'>ikke</span>
      <span class='ocrx_word' id='word_1_288' title='bbox 380 1108 413 1128; x_wconf 92'>selv</span>
      <span class='ocrx_word' id='word_1_289' title='bbox 431 1112 499 1130; x_wconf 89'>engang</span>
      <span class='ocrx_word' id='word_1_290' title='bbox 512 1110 543 1126; x_wconf 92'>den</span>
      <span class='ocrx_word' id='word_1_291' title='bbox 560 1109 616 1130; x_wconf 91'>forag-</span>
     </span>
     <span class='ocr_line' id='line_1_34' title="bbox 48 1135 614 1161; baseline 0 -5; x_size 23; x_descenders 4; x_ascenders 7">
      <span class='ocrx_word' id='word_1_292' title='bbox 48 1135 101 1156; x_wconf 92'>telige</span>
      <span class='ocrx_word' id='word_1_293' title='bbox 114 1137 184 1157; x_wconf 92'>Person,</span>
      <span class='ocrx_word' id='word_1_294' title='bbox 202 1137 235 1157; x_wconf 93'>som</span>
      <span class='ocrx_word' id='word_1_295' title='bbox 248 1137 274 1157; x_wconf 92'>for</span>
      <span class='ocrx_word' id='word_1_296' title='bbox 293 1140 334 1159; x_wconf 92'>flere</span>
      <span class='ocrx_word' id='word_1_297' title='bbox 348 1139 385 1156; x_wconf 92'>Aar</span>
      <span class='ocrx_word' id='word_1_298' title='bbox 404 1139 470 1160; x_wconf 90'>tilbage</span>
      <span class='ocrx_word' id='word_1_299' title='bbox 491 1139 560 1161; x_wconf 92'>tilskrev</span>
      <span class='ocrx_word' id='word_1_300' title='bbox 579 1140 614 1159; x_wconf 91'>mig</span>
     </span>
     <span class='ocr_line' id='line_1_35' title="bbox 48 1168 613 1192; baseline 0.005 -8; x_size 22; x_descenders 4; x_ascenders 4">
      <span class='ocrx_word' id='word_1_301' title='bbox 48 1168 65 1186; x_wconf 84'>et</span>
      <span class='ocrx_word' id='word_1_302' title='bbox 77 1169 161 1188; x_wconf 92'>anonymt</span>
      <span class='ocrx_word' id='word_1_303' title='bbox 177 1168 230 1188; x_wconf 89'>Brev,</span>
      <span class='ocrx_word' id='word_1_304' title='bbox 246 1169 292 1189; x_wconf 90'>hvori</span>
      <span class='ocrx_word' id='word_1_305' title='bbox 310 1171 343 1191; x_wconf 92'>han</span>
      <span class='ocrx_word' id='word_1_306' title='bbox 357 1169 400 1190; x_wconf 92'>satte</span>
      <span class='ocrx_word' id='word_1_307' title='bbox 410 1169 432 1191; x_wconf 92'>sin</span>
      <span class='ocrx_word' id='word_1_308' title='bbox 442 1170 523 1191; x_wconf 92'>Forstand</span>
      <span class='ocrx_word' id='word_1_309' title='bbox 536 1175 555 1192; x_wconf 91'>og</span>
      <span class='ocrx_word' id='word_1_310' title='bbox 565 1170 613 1191; x_wconf 83'>Hjer-</span>
     </span>
    </p>
   </div>
   <div class='ocr_carea' id='block_1_4' title="bbox 660 348 680 1310">
    <p class='ocr_par' id='par_1_4' lang='nor-frak' title="bbox 660 348 680 1310">
     <span class='ocr_line' id='line_1_36' title="bbox 660 348 680 1310; baseline 0 0; x_size 1284; x_descenders 321; x_ascenders 321">
      <span class='ocrx_word' id='word_1_311' title='bbox 660 348 680 1310; x_wconf 95'> </span>
     </span>
    </p>
   </div>
  </div>
 </body>
</html>
