<?xml version="1.0" encoding="UTF-8"?>
<!DOCTYPE html PUBLIC "-//W3C//DTD XHTML 1.0 Transitional//EN"
    "http://www.w3.org/TR/xhtml1/DTD/xhtml1-transitional.dtd">
<html xmlns="http://www.w3.org/1999/xhtml" xml:lang="en" lang="en">
 <head>
  <title></title>
  <meta http-equiv="Content-Type" content="text/html;charset=utf-8"/>
  <meta name='ocr-system' content='tesseract 4.1.0' />
  <meta name='ocr-capabilities' content='ocr_page ocr_carea ocr_par ocr_line ocrx_word ocrp_wconf'/>
 </head>
 <body>
  <div class='ocr_page' id='page_1' title='image "/tmp/tess_65i9bk_f.JPEG"; bbox 0 0 680 1310; ppageno 0'>
   <div class='ocr_carea' id='block_1_1' title="bbox 291 67 303 85">
    <p class='ocr_par' id='par_1_1' lang='nor-frak' title="bbox 291 67 303 85">
     <span class='ocr_line' id='line_1_1' title="bbox 291 67 303 85; baseline 0 0; x_size 25.333334; x_descenders 6.3333335; x_ascenders 6.3333335">
      <span class='ocrx_word' id='word_1_1' title='bbox 291 67 303 85; x_wconf 6'>-</span>
     </span>
    </p>
   </div>
   <div class='ocr_carea' id='block_1_2' title="bbox 0 115 591 928">
    <p class='ocr_par' id='par_1_2' lang='nor-frak' title="bbox 0 115 591 928">
     <span class='ocr_line' id='line_1_2' title="bbox 0 115 582 147; baseline -0.012 -7; x_size 27; x_descenders 5; x_ascenders 7">
      <span class='ocrx_word' id='word_1_2' title='bbox 0 120 64 147; x_wconf 88'>fleste</span>
      <span class='ocrx_word' id='word_1_3' title='bbox 77 120 143 141; x_wconf 92'>Træer</span>
      <span class='ocrx_word' id='word_1_4' title='bbox 158 122 187 139; x_wconf 93'>ere</span>
      <span class='ocrx_word' id='word_1_5' title='bbox 203 121 226 138; x_wconf 93'>en</span>
      <span class='ocrx_word' id='word_1_6' title='bbox 247 116 316 143; x_wconf 92'>Slags</span>
      <span class='ocrx_word' id='word_1_7' title='bbox 337 116 399 142; x_wconf 13'>pinus</span>
      <span class='ocrx_word' id='word_1_8' title='bbox 421 116 502 142; x_wconf 91'>(Furu).</span>
      <span class='ocrx_word' id='word_1_9' title='bbox 530 115 582 143; x_wconf 90'>Han</span>
     </span>
     <span class='ocr_line' id='line_1_3' title="bbox 14 152 582 180; baseline -0.004 -5; x_size 26; x_descenders 5; x_ascenders 5">
      <span class='ocrx_word' id='word_1_10' title='bbox 14 156 54 179; x_wconf 91'>traf</span>
      <span class='ocrx_word' id='word_1_11' title='bbox 66 161 103 180; x_wconf 92'>paa</span>
      <span class='ocrx_word' id='word_1_12' title='bbox 118 160 141 175; x_wconf 92'>en</span>
      <span class='ocrx_word' id='word_1_13' title='bbox 157 152 315 179; x_wconf 91'>perpendiculair</span>
      <span class='ocrx_word' id='word_1_14' title='bbox 329 153 392 180; x_wconf 92'>Hule,</span>
      <span class='ocrx_word' id='word_1_15' title='bbox 409 152 448 177; x_wconf 91'>som</span>
      <span class='ocrx_word' id='word_1_16' title='bbox 463 154 498 174; x_wconf 92'>ved</span>
      <span class='ocrx_word' id='word_1_17' title='bbox 513 152 582 174; x_wconf 91'>nedka-</span>
     </span>
     <span class='ocr_line' id='line_1_4' title="bbox 15 189 583 216; baseline -0.007 -4; x_size 24; x_descenders 4; x_ascenders 5">
      <span class='ocrx_word' id='word_1_18' title='bbox 15 191 60 216; x_wconf 92'>stede</span>
      <span class='ocrx_word' id='word_1_19' title='bbox 74 191 120 215; x_wconf 53'>store</span>
      <span class='ocrx_word' id='word_1_20' title='bbox 136 190 202 211; x_wconf 91'>Stene</span>
      <span class='ocrx_word' id='word_1_21' title='bbox 221 191 306 210; x_wconf 91'>maaltes</span>
      <span class='ocrx_word' id='word_1_22' title='bbox 326 192 346 210; x_wconf 91'>at</span>
      <span class='ocrx_word' id='word_1_23' title='bbox 367 194 415 210; x_wconf 92'>være</span>
      <span class='ocrx_word' id='word_1_24' title='bbox 437 190 522 210; x_wconf 91'>omtrent</span>
      <span class='ocrx_word' id='word_1_25' title='bbox 544 189 583 208; x_wconf 60'>60o</span>
     </span>
     <span class='ocr_line' id='line_1_5' title="bbox 14 225 583 250; baseline -0.011 -1; x_size 25; x_descenders 4; x_ascenders 6">
      <span class='ocrx_word' id='word_1_26' title='bbox 7 221 39 254; x_wconf 81'>N.</span>
      <span class='ocrx_word' id='word_1_27' title='bbox 47 221 98 254; x_wconf 90'>Alen</span>
      <span class='ocrx_word' id='word_1_28' title='bbox 114 227 162 250; x_wconf 92'>dyb;</span>
      <span class='ocrx_word' id='word_1_29' title='bbox 179 226 206 248; x_wconf 92'>thi</span>
      <span class='ocrx_word' id='word_1_30' title='bbox 217 230 262 245; x_wconf 92'>man</span>
      <span class='ocrx_word' id='word_1_31' title='bbox 272 225 325 248; x_wconf 92'>hørte</span>
      <span class='ocrx_word' id='word_1_32' title='bbox 336 225 427 246; x_wconf 92'>Stenene</span>
      <span class='ocrx_word' id='word_1_33' title='bbox 437 226 489 249; x_wconf 90'>falde</span>
      <span class='ocrx_word' id='word_1_34' title='bbox 498 226 504 246; x_wconf 90'>i</span>
      <span class='ocrx_word' id='word_1_35' title='bbox 514 225 583 246; x_wconf 86'>Vand.</span>
     </span>
     <span class='ocr_line' id='line_1_6' title="bbox 14 260 582 289; baseline -0.005 -6; x_size 28; x_descenders 7; x_ascenders 6">
      <span class='ocrx_word' id='word_1_36' title='bbox 14 263 93 289; x_wconf 88'>Høiden</span>
      <span class='ocrx_word' id='word_1_37' title='bbox 109 262 234 288; x_wconf 90'>beregnedes,</span>
      <span class='ocrx_word' id='word_1_38' title='bbox 257 260 295 284; x_wconf 91'>som</span>
      <span class='ocrx_word' id='word_1_39' title='bbox 316 261 410 284; x_wconf 89'>bekjendt,</span>
      <span class='ocrx_word' id='word_1_40' title='bbox 430 262 465 281; x_wconf 92'>ved</span>
      <span class='ocrx_word' id='word_1_41' title='bbox 484 261 547 281; x_wconf 91'>Tiden</span>
      <span class='ocrx_word' id='word_1_42' title='bbox 564 261 582 281; x_wconf 92'>af</span>
     </span>
     <span class='ocr_line' id='line_1_7' title="bbox 15 295 580 323; baseline -0.005 -4; x_size 25; x_descenders 5; x_ascenders 6">
      <span class='ocrx_word' id='word_1_43' title='bbox 15 299 104 322; x_wconf 92'>faldende</span>
      <span class='ocrx_word' id='word_1_44' title='bbox 120 298 216 323; x_wconf 92'>Legemer.</span>
      <span class='ocrx_word' id='word_1_45' title='bbox 245 297 385 322; x_wconf 92'>Mangfoldige</span>
      <span class='ocrx_word' id='word_1_46' title='bbox 402 296 423 321; x_wconf 92'>af</span>
      <span class='ocrx_word' id='word_1_47' title='bbox 422 291 457 327; x_wconf 92'>de</span>
      <span class='ocrx_word' id='word_1_48' title='bbox 458 295 514 321; x_wconf 92'>store</span>
      <span class='ocrx_word' id='word_1_49' title='bbox 524 297 580 321; x_wconf 69'>Flag</span>
     </span>
     <span class='ocr_line' id='line_1_8' title="bbox 12 332 585 360; baseline -0.003 -6; x_size 25; x_descenders 5; x_ascenders 5">
      <span class='ocrx_word' id='word_1_50' title='bbox 12 336 113 360; x_wconf 87'>germuus,</span>
      <span class='ocrx_word' id='word_1_51' title='bbox 120 334 158 358; x_wconf 91'>som</span>
      <span class='ocrx_word' id='word_1_52' title='bbox 166 332 210 354; x_wconf 57'>boei</span>
      <span class='ocrx_word' id='word_1_53' title='bbox 220 333 302 360; x_wconf 92'>Hulens</span>
      <span class='ocrx_word' id='word_1_54' title='bbox 310 333 391 358; x_wconf 89'>Vægge,</span>
      <span class='ocrx_word' id='word_1_55' title='bbox 400 332 585 357; x_wconf 87'>forstyrredes–det</span>
     </span>
     <span class='ocr_line' id='line_1_9' title="bbox 3 368 584 395; baseline -0.003 -5; x_size 25; x_descenders 5; x_ascenders 5">
      <span class='ocrx_word' id='word_1_56' title='bbox 3 375 49 390; x_wconf 92'>var</span>
      <span class='ocrx_word' id='word_1_57' title='bbox 65 371 104 393; x_wconf 92'>hele</span>
      <span class='ocrx_word' id='word_1_58' title='bbox 118 369 249 395; x_wconf 91'>Opdagelsen.</span>
      <span class='ocrx_word' id='word_1_59' title='bbox 278 368 322 391; x_wconf 90'>Paa</span>
      <span class='ocrx_word' id='word_1_60' title='bbox 336 373 405 395; x_wconf 92'>mange</span>
      <span class='ocrx_word' id='word_1_61' title='bbox 418 369 512 393; x_wconf 92'>græsrige</span>
      <span class='ocrx_word' id='word_1_62' title='bbox 526 368 584 389; x_wconf 92'>Slet-</span>
     </span>
     <span class='ocr_line' id='line_1_10' title="bbox 15 404 585 429; baseline -0.004 -3; x_size 26; x_descenders 5; x_ascenders 6">
      <span class='ocrx_word' id='word_1_63' title='bbox 15 408 50 429; x_wconf 91'>ter,</span>
      <span class='ocrx_word' id='word_1_64' title='bbox 66 408 149 426; x_wconf 91'>omtrent</span>
      <span class='ocrx_word' id='word_1_65' title='bbox 165 410 216 424; x_wconf 92'>100o</span>
      <span class='ocrx_word' id='word_1_66' title='bbox 223 404 249 425; x_wconf 89'>N.</span>
      <span class='ocrx_word' id='word_1_67' title='bbox 258 404 310 425; x_wconf 92'>Alen</span>
      <span class='ocrx_word' id='word_1_68' title='bbox 326 409 369 424; x_wconf 92'>over</span>
      <span class='ocrx_word' id='word_1_69' title='bbox 384 404 459 428; x_wconf 92'>Havet,</span>
      <span class='ocrx_word' id='word_1_70' title='bbox 475 404 531 429; x_wconf 90'>fandt</span>
      <span class='ocrx_word' id='word_1_71' title='bbox 547 404 585 428; x_wconf 93'>han</span>
     </span>
     <span class='ocr_line' id='line_1_11' title="bbox 4 439 584 467; baseline -0.007 -6; x_size 25; x_descenders 4; x_ascenders 7">
      <span class='ocrx_word' id='word_1_72' title='bbox 4 442 113 467; x_wconf 63'>hypvigen</span>
      <span class='ocrx_word' id='word_1_73' title='bbox 139 442 159 461; x_wconf 93'>de</span>
      <span class='ocrx_word' id='word_1_74' title='bbox 186 440 283 465; x_wconf 91'>saakaldte</span>
      <span class='ocrx_word' id='word_1_75' title='bbox 305 440 466 466; x_wconf 89'>Troldringe</span>
      <span class='ocrx_word' id='word_1_76' title='bbox 491 439 584 464; x_wconf 39'>(Pairy-</span>
     </span>
     <span class='ocr_line' id='line_1_12' title="bbox 16 475 587 504; baseline 0.002 -9; x_size 27; x_descenders 6; x_ascenders 6">
      <span class='ocrx_word' id='word_1_77' title='bbox 16 477 101 501; x_wconf 9'>Rings).</span>
      <span class='ocrx_word' id='word_1_78' title='bbox 121 477 170 504; x_wconf 92'>Han</span>
      <span class='ocrx_word' id='word_1_79' title='bbox 186 475 278 500; x_wconf 92'>beskriver</span>
      <span class='ocrx_word' id='word_1_80' title='bbox 293 477 335 496; x_wconf 92'>dem</span>
      <span class='ocrx_word' id='word_1_81' title='bbox 351 475 447 499; x_wconf 91'>saaledes,</span>
      <span class='ocrx_word' id='word_1_82' title='bbox 463 476 501 499; x_wconf 92'>som</span>
      <span class='ocrx_word' id='word_1_83' title='bbox 517 475 587 499; x_wconf 91'>Overs.</span>
     </span>
     <span class='ocr_line' id='line_1_13' title="bbox 16 511 586 538; baseline 0 -6; x_size 27; x_descenders 6; x_ascenders 7">
      <span class='ocrx_word' id='word_1_84' title='bbox 16 513 51 536; x_wconf 92'>har</span>
      <span class='ocrx_word' id='word_1_85' title='bbox 66 514 122 538; x_wconf 91'>nogle</span>
      <span class='ocrx_word' id='word_1_86' title='bbox 130 512 201 538; x_wconf 92'>Gange</span>
      <span class='ocrx_word' id='word_1_87' title='bbox 217 512 248 535; x_wconf 93'>her</span>
      <span class='ocrx_word' id='word_1_88' title='bbox 260 511 297 536; x_wconf 84'>seet</span>
      <span class='ocrx_word' id='word_1_89' title='bbox 312 512 353 532; x_wconf 92'>dem</span>
      <span class='ocrx_word' id='word_1_90' title='bbox 368 516 406 536; x_wconf 93'>paa</span>
      <span class='ocrx_word' id='word_1_91' title='bbox 421 512 503 537; x_wconf 92'>græsrig</span>
      <span class='ocrx_word' id='word_1_92' title='bbox 519 511 586 534; x_wconf 89'>Mark,</span>
     </span>
     <span class='ocr_line' id='line_1_14' title="bbox 16 547 588 573; baseline 0.002 -6; x_size 26; x_descenders 6; x_ascenders 6">
      <span class='ocrx_word' id='word_1_93' title='bbox 16 548 87 572; x_wconf 92'>næsten</span>
      <span class='ocrx_word' id='word_1_94' title='bbox 102 550 162 567; x_wconf 91'>runde</span>
      <span class='ocrx_word' id='word_1_95' title='bbox 179 548 244 573; x_wconf 91'>Ringe</span>
      <span class='ocrx_word' id='word_1_96' title='bbox 260 548 280 570; x_wconf 92'>af</span>
      <span class='ocrx_word' id='word_1_97' title='bbox 300 552 308 565; x_wconf 91'>1</span>
      <span class='ocrx_word' id='word_1_98' title='bbox 326 547 378 571; x_wconf 91'>Fods</span>
      <span class='ocrx_word' id='word_1_99' title='bbox 398 547 484 570; x_wconf 91'>Bredde,</span>
      <span class='ocrx_word' id='word_1_100' title='bbox 505 553 528 573; x_wconf 93'>og</span>
      <span class='ocrx_word' id='word_1_101' title='bbox 547 547 588 570; x_wconf 91'>hele</span>
     </span>
     <span class='ocr_line' id='line_1_15' title="bbox 17 582 588 609; baseline 0 -7; x_size 25; x_descenders 5; x_ascenders 5">
      <span class='ocrx_word' id='word_1_102' title='bbox 17 584 111 609; x_wconf 92'>Ringens</span>
      <span class='ocrx_word' id='word_1_103' title='bbox 128 583 232 604; x_wconf 91'>Diameter</span>
      <span class='ocrx_word' id='word_1_104' title='bbox 253 585 336 602; x_wconf 90'>omtrent</span>
      <span class='ocrx_word' id='word_1_105' title='bbox 356 583 412 607; x_wconf 92'>nogle</span>
      <span class='ocrx_word' id='word_1_106' title='bbox 428 582 485 602; x_wconf 90'>Alen.</span>
      <span class='ocrx_word' id='word_1_107' title='bbox 518 583 588 606; x_wconf 92'>Inden</span>
     </span>
     <span class='ocr_line' id='line_1_16' title="bbox 17 617 588 644; baseline -0.002 -5; x_size 26; x_descenders 6; x_ascenders 6">
      <span class='ocrx_word' id='word_1_108' title='bbox 17 619 99 644; x_wconf 91'>Ringen</span>
      <span class='ocrx_word' id='word_1_109' title='bbox 118 623 152 638; x_wconf 92'>var</span>
      <span class='ocrx_word' id='word_1_110' title='bbox 170 619 247 642; x_wconf 91'>Jorden</span>
      <span class='ocrx_word' id='word_1_111' title='bbox 268 618 310 640; x_wconf 92'>bar,</span>
      <span class='ocrx_word' id='word_1_112' title='bbox 332 617 371 641; x_wconf 90'>som</span>
      <span class='ocrx_word' id='word_1_113' title='bbox 391 623 422 638; x_wconf 93'>om</span>
      <span class='ocrx_word' id='word_1_114' title='bbox 437 619 466 639; x_wconf 92'>alt</span>
      <span class='ocrx_word' id='word_1_115' title='bbox 481 617 541 639; x_wconf 56'>Græas</span>
      <span class='ocrx_word' id='word_1_116' title='bbox 557 619 588 639; x_wconf 92'>der</span>
     </span>
     <span class='ocr_line' id='line_1_17' title="bbox 18 653 588 680; baseline 0.002 -6; x_size 24; x_descenders 4; x_ascenders 6">
      <span class='ocrx_word' id='word_1_117' title='bbox 18 659 53 674; x_wconf 91'>var</span>
      <span class='ocrx_word' id='word_1_118' title='bbox 68 654 171 678; x_wconf 51'>afbrændt.</span>
      <span class='ocrx_word' id='word_1_119' title='bbox 200 655 240 680; x_wconf 92'>Jeg</span>
      <span class='ocrx_word' id='word_1_120' title='bbox 255 656 312 676; x_wconf 17'>troer,</span>
      <span class='ocrx_word' id='word_1_121' title='bbox 329 656 348 673; x_wconf 92'>at</span>
      <span class='ocrx_word' id='word_1_122' title='bbox 363 653 473 675; x_wconf 91'>Botaniker</span>
      <span class='ocrx_word' id='word_1_123' title='bbox 489 659 551 676; x_wconf 92'>mene,</span>
      <span class='ocrx_word' id='word_1_124' title='bbox 569 656 588 675; x_wconf 93'>at</span>
     </span>
     <span class='ocr_line' id='line_1_18' title="bbox 18 689 588 715; baseline -0.002 -5; x_size 25; x_descenders 5; x_ascenders 5">
      <span class='ocrx_word' id='word_1_125' title='bbox 18 692 49 711; x_wconf 92'>det</span>
      <span class='ocrx_word' id='word_1_126' title='bbox 64 696 82 710; x_wconf 92'>er</span>
      <span class='ocrx_word' id='word_1_127' title='bbox 97 695 120 710; x_wconf 92'>en</span>
      <span class='ocrx_word' id='word_1_128' title='bbox 139 690 207 715; x_wconf 92'>Slags</span>
      <span class='ocrx_word' id='word_1_129' title='bbox 223 689 351 713; x_wconf 21'>microscopisk</span>
      <span class='ocrx_word' id='word_1_130' title='bbox 372 689 447 712; x_wconf 92'>Plante</span>
      <span class='ocrx_word' id='word_1_131' title='bbox 467 689 510 709; x_wconf 90'>eller</span>
      <span class='ocrx_word' id='word_1_132' title='bbox 530 690 588 711; x_wconf 89'>Mos,</span>
     </span>
     <span class='ocr_line' id='line_1_19' title="bbox 19 725 589 751; baseline -0.004 -5; x_size 26; x_descenders 6; x_ascenders 6">
      <span class='ocrx_word' id='word_1_133' title='bbox 19 728 51 746; x_wconf 92'>der</span>
      <span class='ocrx_word' id='word_1_134' title='bbox 67 725 161 748; x_wconf 91'>saaledes,</span>
      <span class='ocrx_word' id='word_1_135' title='bbox 177 725 256 751; x_wconf 85'>ligesom</span>
      <span class='ocrx_word' id='word_1_136' title='bbox 273 728 290 745; x_wconf 92'>et</span>
      <span class='ocrx_word' id='word_1_137' title='bbox 310 725 377 750; x_wconf 90'>Slags</span>
      <span class='ocrx_word' id='word_1_138' title='bbox 394 725 523 748; x_wconf 88'>Paddehatte,</span>
      <span class='ocrx_word' id='word_1_139' title='bbox 544 725 550 745; x_wconf 93'>i</span>
      <span class='ocrx_word' id='word_1_140' title='bbox 566 730 589 745; x_wconf 91'>en</span>
     </span>
     <span class='ocr_line' id='line_1_20' title="bbox 0 760 589 788; baseline -0.002 -6; x_size 25; x_descenders 4; x_ascenders 7">
      <span class='ocrx_word' id='word_1_141' title='bbox 0 760 78 788; x_wconf 86'>Hast,</span>
      <span class='ocrx_word' id='word_1_142' title='bbox 102 760 121 784; x_wconf 92'>ja</span>
      <span class='ocrx_word' id='word_1_143' title='bbox 142 761 147 781; x_wconf 93'>i</span>
      <span class='ocrx_word' id='word_1_144' title='bbox 167 767 200 781; x_wconf 92'>een</span>
      <span class='ocrx_word' id='word_1_145' title='bbox 218 762 267 782; x_wconf 91'>Nat,</span>
      <span class='ocrx_word' id='word_1_146' title='bbox 290 766 334 783; x_wconf 73'>voxe</span>
      <span class='ocrx_word' id='word_1_147' title='bbox 356 766 379 786; x_wconf 92'>og</span>
      <span class='ocrx_word' id='word_1_148' title='bbox 397 760 473 780; x_wconf 92'>fortære</span>
      <span class='ocrx_word' id='word_1_149' title='bbox 494 760 589 782; x_wconf 88'>Græsset.</span>
     </span>
     <span class='ocr_line' id='line_1_21' title="bbox 21 795 589 823; baseline -0.005 -7.107; x_size 25; x_descenders 5; x_ascenders 6">
      <span class='ocrx_word' id='word_1_150' title='bbox 21 797 72 823; x_wconf 93'>Han</span>
      <span class='ocrx_word' id='word_1_151' title='bbox 89 797 128 820; x_wconf 92'>traf</span>
      <span class='ocrx_word' id='word_1_152' title='bbox 143 797 180 817; x_wconf 92'>kun</span>
      <span class='ocrx_word' id='word_1_153' title='bbox 194 801 283 822; x_wconf 91'>eengang</span>
      <span class='ocrx_word' id='word_1_154' title='bbox 298 801 336 819; x_wconf 90'>paa</span>
      <span class='ocrx_word' id='word_1_155' title='bbox 352 801 374 815; x_wconf 93'>en</span>
      <span class='ocrx_word' id='word_1_156' title='bbox 391 795 437 820; x_wconf 92'>Flok</span>
      <span class='ocrx_word' id='word_1_157' title='bbox 457 796 477 820; x_wconf 90'>af</span>
      <span class='ocrx_word' id='word_1_158' title='bbox 490 795 589 820; x_wconf 62'>Aborigi</span>
     </span>
     <span class='ocr_line' id='line_1_22' title="bbox 0 831 591 855; baseline 0 -5; x_size 24; x_descenders 4; x_ascenders 6">
      <span class='ocrx_word' id='word_1_159' title='bbox 0 835 57 854; x_wconf 0'>rs</span>
      <span class='ocrx_word' id='word_1_160' title='bbox 77 832 108 853; x_wconf 86'>(de</span>
      <span class='ocrx_word' id='word_1_161' title='bbox 124 832 203 855; x_wconf 82'>Vilde),</span>
      <span class='ocrx_word' id='word_1_162' title='bbox 225 834 310 851; x_wconf 91'>omtrent</span>
      <span class='ocrx_word' id='word_1_163' title='bbox 331 831 357 850; x_wconf 87'>6o</span>
      <span class='ocrx_word' id='word_1_164' title='bbox 377 831 384 850; x_wconf 92'>i</span>
      <span class='ocrx_word' id='word_1_165' title='bbox 404 831 480 855; x_wconf 92'>Tallet;</span>
      <span class='ocrx_word' id='word_1_166' title='bbox 504 831 540 854; x_wconf 91'>han</span>
      <span class='ocrx_word' id='word_1_167' title='bbox 556 836 591 851; x_wconf 92'>var</span>
     </span>
     <span class='ocr_line' id='line_1_23' title="bbox 23 866 590 893; baseline 0.002 -7; x_size 25; x_descenders 4; x_ascenders 7">
      <span class='ocrx_word' id='word_1_168' title='bbox 23 867 61 890; x_wconf 92'>selv</span>
      <span class='ocrx_word' id='word_1_169' title='bbox 78 867 128 890; x_wconf 86'>3die,</span>
      <span class='ocrx_word' id='word_1_170' title='bbox 144 872 167 893; x_wconf 92'>og</span>
      <span class='ocrx_word' id='word_1_171' title='bbox 181 872 192 890; x_wconf 92'>7</span>
      <span class='ocrx_word' id='word_1_172' title='bbox 198 862 230 897; x_wconf 92'>af</span>
      <span class='ocrx_word' id='word_1_173' title='bbox 238 866 414 890; x_wconf 92'>Convicterne</span>
      <span class='ocrx_word' id='word_1_174' title='bbox 375 862 422 897; x_wconf 91'>som</span>
      <span class='ocrx_word' id='word_1_175' title='bbox 425 866 507 889; x_wconf 91'>Tjenere</span>
      <span class='ocrx_word' id='word_1_176' title='bbox 526 866 590 890; x_wconf 90'>(Con-</span>
     </span>
     <span class='ocr_line' id='line_1_24' title="bbox 1 901 591 928; baseline -0.002 -6; x_size 26; x_descenders 6; x_ascenders 6">
      <span class='ocrx_word' id='word_1_177' title='bbox 1 903 82 922; x_wconf 88'>victer</span>
      <span class='ocrx_word' id='word_1_178' title='bbox 97 903 161 923; x_wconf 91'>kaldes</span>
      <span class='ocrx_word' id='word_1_179' title='bbox 177 904 198 923; x_wconf 92'>de</span>
      <span class='ocrx_word' id='word_1_180' title='bbox 214 902 236 922; x_wconf 92'>til</span>
      <span class='ocrx_word' id='word_1_181' title='bbox 247 903 280 928; x_wconf 91'>Ny</span>
      <span class='ocrx_word' id='word_1_182' title='bbox 294 902 382 927; x_wconf 89'>Holland</span>
      <span class='ocrx_word' id='word_1_183' title='bbox 396 901 470 925; x_wconf 91'>forviste</span>
      <span class='ocrx_word' id='word_1_184' title='bbox 480 902 591 925; x_wconf 91'>Domfæld-</span>
     </span>
    </p>
   </div>
   <div class='ocr_carea' id='block_1_3' title="bbox 0 936 592 961">
    <p class='ocr_par' id='par_1_3' lang='nor-frak' title="bbox 0 936 592 961">
     <span class='ocr_header' id='line_1_25' title="bbox 0 936 592 961; baseline 0 -4; x_size 24; x_descenders 4; x_ascenders 6">
      <span class='ocrx_word' id='word_1_185' title='bbox 0 937 58 961; x_wconf 85'>te).</span>
      <span class='ocrx_word' id='word_1_186' title='bbox 86 937 126 958; x_wconf 92'>Om</span>
      <span class='ocrx_word' id='word_1_187' title='bbox 141 939 161 957; x_wconf 92'>de</span>
      <span class='ocrx_word' id='word_1_188' title='bbox 176 943 187 961; x_wconf 37'>7</span>
      <span class='ocrx_word' id='word_1_189' title='bbox 204 938 224 959; x_wconf 79'>af</span>
      <span class='ocrx_word' id='word_1_190' title='bbox 232 938 368 960; x_wconf 87'>Convicterne,</span>
      <span class='ocrx_word' id='word_1_191' title='bbox 386 936 425 960; x_wconf 92'>som</span>
      <span class='ocrx_word' id='word_1_192' title='bbox 438 942 482 956; x_wconf 91'>vare</span>
      <span class='ocrx_word' id='word_1_193' title='bbox 496 938 537 957; x_wconf 93'>med</span>
      <span class='ocrx_word' id='word_1_194' title='bbox 553 937 592 959; x_wconf 92'>som</span>
     </span>
    </p>
   </div>
   <div class='ocr_carea' id='block_1_4' title="bbox 24 973 594 1103">
    <p class='ocr_par' id='par_1_4' lang='nor-frak' title="bbox 24 973 594 1103">
     <span class='ocr_line' id='line_1_26' title="bbox 24 973 593 998; baseline 0.002 -6; x_size 23; x_descenders 4; x_ascenders 5">
      <span class='ocrx_word' id='word_1_195' title='bbox 24 973 140 995; x_wconf 89'>Opvartere,</span>
      <span class='ocrx_word' id='word_1_196' title='bbox 156 973 203 998; x_wconf 91'>siger</span>
      <span class='ocrx_word' id='word_1_197' title='bbox 218 973 333 997; x_wconf 29'>han:»En</span>
      <span class='ocrx_word' id='word_1_198' title='bbox 346 975 430 995; x_wconf 71'>passent</span>
      <span class='ocrx_word' id='word_1_199' title='bbox 446 976 490 992; x_wconf 92'>maa</span>
      <span class='ocrx_word' id='word_1_200' title='bbox 505 973 534 998; x_wconf 93'>jeg</span>
      <span class='ocrx_word' id='word_1_201' title='bbox 550 974 593 993; x_wconf 92'>lade</span>
     </span>
     <span class='ocr_line' id='line_1_27' title="bbox 25 1007 593 1034; baseline 0.004 -7; x_size 25; x_descenders 6; x_ascenders 5">
      <span class='ocrx_word' id='word_1_202' title='bbox 25 1010 68 1027; x_wconf 91'>dem</span>
      <span class='ocrx_word' id='word_1_203' title='bbox 84 1007 227 1030; x_wconf 91'>(Convicterne)</span>
      <span class='ocrx_word' id='word_1_204' title='bbox 242 1008 351 1031; x_wconf 92'>vederfares</span>
      <span class='ocrx_word' id='word_1_205' title='bbox 368 1010 403 1028; x_wconf 92'>den</span>
      <span class='ocrx_word' id='word_1_206' title='bbox 418 1008 465 1030; x_wconf 92'>Ret,</span>
      <span class='ocrx_word' id='word_1_207' title='bbox 482 1011 501 1028; x_wconf 92'>at</span>
      <span class='ocrx_word' id='word_1_208' title='bbox 517 1009 547 1034; x_wconf 92'>jeg</span>
      <span class='ocrx_word' id='word_1_209' title='bbox 565 1010 593 1029; x_wconf 92'>al-</span>
     </span>
     <span class='ocr_line' id='line_1_28' title="bbox 26 1043 594 1069; baseline 0.004 -7; x_size 26; x_descenders 6; x_ascenders 6">
      <span class='ocrx_word' id='word_1_210' title='bbox 26 1044 67 1069; x_wconf 90'>drig</span>
      <span class='ocrx_word' id='word_1_211' title='bbox 83 1043 125 1065; x_wconf 92'>saae</span>
      <span class='ocrx_word' id='word_1_212' title='bbox 141 1043 186 1067; x_wconf 92'>Folk</span>
      <span class='ocrx_word' id='word_1_213' title='bbox 202 1044 266 1068; x_wconf 91'>opføre</span>
      <span class='ocrx_word' id='word_1_214' title='bbox 284 1043 309 1069; x_wconf 92'>sig</span>
      <span class='ocrx_word' id='word_1_215' title='bbox 326 1043 389 1065; x_wconf 90'>bedre,</span>
      <span class='ocrx_word' id='word_1_216' title='bbox 406 1049 428 1069; x_wconf 91'>og</span>
      <span class='ocrx_word' id='word_1_217' title='bbox 447 1047 513 1069; x_wconf 92'>uagtet</span>
      <span class='ocrx_word' id='word_1_218' title='bbox 529 1046 549 1063; x_wconf 92'>de</span>
      <span class='ocrx_word' id='word_1_219' title='bbox 567 1044 594 1064; x_wconf 47'>of-</span>
     </span>
     <span class='ocr_line' id='line_1_29' title="bbox 26 1078 594 1103; baseline 0.002 -6; x_size 25; x_descenders 4; x_ascenders 6">
      <span class='ocrx_word' id='word_1_220' title='bbox 26 1082 42 1098; x_wconf 92'>te</span>
      <span class='ocrx_word' id='word_1_221' title='bbox 59 1082 131 1098; x_wconf 91'>maatte</span>
      <span class='ocrx_word' id='word_1_222' title='bbox 152 1084 198 1103; x_wconf 91'>gaae</span>
      <span class='ocrx_word' id='word_1_223' title='bbox 218 1084 243 1101; x_wconf 91'>35</span>
      <span class='ocrx_word' id='word_1_224' title='bbox 262 1078 357 1102; x_wconf 92'>Engelske</span>
      <span class='ocrx_word' id='word_1_225' title='bbox 374 1078 425 1099; x_wconf 86'>Mile</span>
      <span class='ocrx_word' id='word_1_226' title='bbox 448 1080 467 1101; x_wconf 80'>(6</span>
      <span class='ocrx_word' id='word_1_227' title='bbox 486 1080 512 1100; x_wconf 88'>N.</span>
      <span class='ocrx_word' id='word_1_228' title='bbox 534 1080 594 1101; x_wconf 92'>Mile)</span>
     </span>
    </p>
   </div>
   <div class='ocr_carea' id='block_1_5' title="bbox 2 1112 594 1139">
    <p class='ocr_par' id='par_1_5' lang='nor-frak' title="bbox 2 1112 594 1139">
     <span class='ocr_header' id='line_1_30' title="bbox 2 1112 594 1139; baseline 0.002 -7; x_size 26; x_descenders 7; x_ascenders 6">
      <span class='ocrx_word' id='word_1_229' title='bbox 2 1114 102 1139; x_wconf 90'>daglig,</span>
      <span class='ocrx_word' id='word_1_230' title='bbox 120 1114 173 1136; x_wconf 47'>hørte</span>
      <span class='ocrx_word' id='word_1_231' title='bbox 187 1114 205 1133; x_wconf 92'>vi</span>
      <span class='ocrx_word' id='word_1_232' title='bbox 221 1114 257 1134; x_wconf 91'>ikke</span>
      <span class='ocrx_word' id='word_1_233' title='bbox 274 1119 296 1132; x_wconf 92'>en</span>
      <span class='ocrx_word' id='word_1_234' title='bbox 313 1112 381 1135; x_wconf 91'>Eneste</span>
      <span class='ocrx_word' id='word_1_235' title='bbox 397 1113 486 1133; x_wconf 91'>knurre.»</span>
      <span class='ocrx_word' id='word_1_236' title='bbox 520 1114 594 1135; x_wconf 83'>Natur-</span>
     </span>
    </p>
   </div>
   <div class='ocr_carea' id='block_1_6' title="bbox 28 1148 471 1196">
    <p class='ocr_par' id='par_1_6' lang='nor-frak' title="bbox 28 1148 471 1196">
     <span class='ocr_line' id='line_1_31' title="bbox 28 1148 465 1174; baseline 0 -5; x_size 26; x_descenders 5; x_ascenders 6">
      <span class='ocrx_word' id='word_1_237' title='bbox 28 1149 95 1174; x_wconf 91'>ligviis</span>
      <span class='ocrx_word' id='word_1_238' title='bbox 112 1148 170 1172; x_wconf 91'>havde</span>
      <span class='ocrx_word' id='word_1_239' title='bbox 186 1153 231 1168; x_wconf 92'>man</span>
      <span class='ocrx_word' id='word_1_240' title='bbox 247 1151 301 1173; x_wconf 93'>valgt</span>
      <span class='ocrx_word' id='word_1_241' title='bbox 317 1149 337 1173; x_wconf 92'>af</span>
      <span class='ocrx_word' id='word_1_242' title='bbox 352 1149 373 1167; x_wconf 92'>de</span>
      <span class='ocrx_word' id='word_1_243' title='bbox 389 1148 465 1172; x_wconf 84'>Bedste.</span>
     </span>
     <span class='ocr_line' id='line_1_32' title="bbox 452 1176 471 1196; baseline 0 0; x_size 27.5; x_descenders 5.5; x_ascenders 6.5">
      <span class='ocrx_word' id='word_1_244' title='bbox 452 1176 471 1196; x_wconf 89'>B</span>
     </span>
    </p>
   </div>
  </div>
 </body>
</html>
