<?xml version="1.0" encoding="UTF-8"?>
<!DOCTYPE html PUBLIC "-//W3C//DTD XHTML 1.0 Transitional//EN"
    "http://www.w3.org/TR/xhtml1/DTD/xhtml1-transitional.dtd">
<html xmlns="http://www.w3.org/1999/xhtml" xml:lang="en" lang="en">
 <head>
  <title></title>
  <meta http-equiv="Content-Type" content="text/html;charset=utf-8"/>
  <meta name='ocr-system' content='tesseract 4.1.0' />
  <meta name='ocr-capabilities' content='ocr_page ocr_carea ocr_par ocr_line ocrx_word ocrp_wconf'/>
 </head>
 <body>
  <div class='ocr_page' id='page_1' title='image "/tmp/tess_vlc9qvcf.JPEG"; bbox 0 0 680 1310; ppageno 0'>
   <div class='ocr_carea' id='block_1_1' title="bbox 351 60 365 79">
    <p class='ocr_par' id='par_1_1' lang='nor-frak' title="bbox 351 60 365 79">
     <span class='ocr_line' id='line_1_1' title="bbox 351 60 365 79; baseline 0 -5; x_size 28.5; x_descenders 6; x_ascenders 7.5">
      <span class='ocrx_word' id='word_1_1' title='bbox 351 60 365 79; x_wconf 93'>4</span>
     </span>
    </p>
   </div>
   <div class='ocr_carea' id='block_1_2' title="bbox 54 103 643 598">
    <p class='ocr_par' id='par_1_2' lang='nor-frak' title="bbox 54 103 643 598">
     <span class='ocr_line' id='line_1_2' title="bbox 70 103 643 148; baseline 0.033 -25; x_size 27; x_descenders 4; x_ascenders 6">
      <span class='ocrx_word' id='word_1_2' title='bbox 70 103 155 130; x_wconf 91'>længere</span>
      <span class='ocrx_word' id='word_1_3' title='bbox 169 109 213 126; x_wconf 90'>over</span>
      <span class='ocrx_word' id='word_1_4' title='bbox 228 106 250 127; x_wconf 92'>de</span>
      <span class='ocrx_word' id='word_1_5' title='bbox 270 107 346 131; x_wconf 92'>Vildes</span>
      <span class='ocrx_word' id='word_1_6' title='bbox 361 110 478 139; x_wconf 91'>Feiltagelse</span>
      <span class='ocrx_word' id='word_1_7' title='bbox 498 114 505 136; x_wconf 92'>i</span>
      <span class='ocrx_word' id='word_1_8' title='bbox 526 111 643 148; x_wconf 89'>Swanbay.</span>
     </span>
     <span class='ocr_line' id='line_1_3' title="bbox 68 139 643 182; baseline 0.031 -24; x_size 29; x_descenders 8; x_ascenders 5">
      <span class='ocrx_word' id='word_1_9' title='bbox 68 139 146 165; x_wconf 44'>»Disse</span>
      <span class='ocrx_word' id='word_1_10' title='bbox 160 140 260 166; x_wconf 92'>Indfødte</span>
      <span class='ocrx_word' id='word_1_11' title='bbox 276 150 305 165; x_wconf 92'>ere</span>
      <span class='ocrx_word' id='word_1_12' title='bbox 321 146 354 168; x_wconf 92'>her</span>
      <span class='ocrx_word' id='word_1_13' title='bbox 369 146 408 170; x_wconf 92'>som</span>
      <span class='ocrx_word' id='word_1_14' title='bbox 422 151 499 171; x_wconf 91'>overalt</span>
      <span class='ocrx_word' id='word_1_15' title='bbox 512 151 519 173; x_wconf 79'>i</span>
      <span class='ocrx_word' id='word_1_16' title='bbox 534 153 577 177; x_wconf 89'>Nye</span>
      <span class='ocrx_word' id='word_1_17' title='bbox 588 155 643 182; x_wconf 78'>Hol-</span>
     </span>
     <span class='ocr_line' id='line_1_4' title="bbox 66 176 642 214; baseline 0.031 -20; x_size 26; x_descenders 4; x_ascenders 7">
      <span class='ocrx_word' id='word_1_18' title='bbox 66 176 124 199; x_wconf 92'>land,</span>
      <span class='ocrx_word' id='word_1_19' title='bbox 139 176 173 200; x_wconf 92'>saa</span>
      <span class='ocrx_word' id='word_1_20' title='bbox 186 180 247 200; x_wconf 91'>øvede</span>
      <span class='ocrx_word' id='word_1_21' title='bbox 262 179 268 200; x_wconf 92'>i</span>
      <span class='ocrx_word' id='word_1_22' title='bbox 288 181 368 207; x_wconf 86'>Mimik,</span>
      <span class='ocrx_word' id='word_1_23' title='bbox 390 186 411 206; x_wconf 93'>at</span>
      <span class='ocrx_word' id='word_1_24' title='bbox 433 187 454 208; x_wconf 91'>de</span>
      <span class='ocrx_word' id='word_1_25' title='bbox 469 187 530 209; x_wconf 92'>kunde</span>
      <span class='ocrx_word' id='word_1_26' title='bbox 552 189 642 214; x_wconf 90'>særdeles</span>
     </span>
     <span class='ocr_line' id='line_1_5' title="bbox 65 212 642 249; baseline 0.033 -18; x_size 25; x_descenders 4; x_ascenders 5">
      <span class='ocrx_word' id='word_1_27' title='bbox 65 212 96 233; x_wconf 92'>vel</span>
      <span class='ocrx_word' id='word_1_28' title='bbox 111 212 194 236; x_wconf 91'>forklare</span>
      <span class='ocrx_word' id='word_1_29' title='bbox 208 214 236 240; x_wconf 91'>sin</span>
      <span class='ocrx_word' id='word_1_30' title='bbox 258 216 345 245; x_wconf 91'>Mening</span>
      <span class='ocrx_word' id='word_1_31' title='bbox 366 221 402 241; x_wconf 93'>ved</span>
      <span class='ocrx_word' id='word_1_32' title='bbox 424 222 553 246; x_wconf 85'>Gebærder.»</span>
      <span class='ocrx_word' id='word_1_33' title='bbox 567 237 593 241; x_wconf 62'>–</span>
      <span class='ocrx_word' id='word_1_34' title='bbox 607 228 642 249; x_wconf 88'>De</span>
     </span>
     <span class='ocr_line' id='line_1_6' title="bbox 65 247 641 289; baseline 0.033 -23; x_size 27; x_descenders 6; x_ascenders 6">
      <span class='ocrx_word' id='word_1_35' title='bbox 65 252 95 267; x_wconf 92'>ere</span>
      <span class='ocrx_word' id='word_1_36' title='bbox 111 247 165 272; x_wconf 90'>saare</span>
      <span class='ocrx_word' id='word_1_37' title='bbox 180 248 242 277; x_wconf 91'>bange</span>
      <span class='ocrx_word' id='word_1_38' title='bbox 258 252 288 274; x_wconf 91'>for</span>
      <span class='ocrx_word' id='word_1_39' title='bbox 307 254 328 274; x_wconf 92'>de</span>
      <span class='ocrx_word' id='word_1_40' title='bbox 349 257 436 283; x_wconf 92'>engelske</span>
      <span class='ocrx_word' id='word_1_41' title='bbox 453 259 537 286; x_wconf 92'>Hunde,</span>
      <span class='ocrx_word' id='word_1_42' title='bbox 561 263 597 289; x_wconf 92'>dog</span>
      <span class='ocrx_word' id='word_1_43' title='bbox 619 265 641 285; x_wconf 92'>de</span>
     </span>
     <span class='ocr_line' id='line_1_7' title="bbox 64 282 640 322; baseline 0.031 -19; x_size 26; x_descenders 5; x_ascenders 5">
      <span class='ocrx_word' id='word_1_44' title='bbox 64 282 104 308; x_wconf 91'>selv</span>
      <span class='ocrx_word' id='word_1_45' title='bbox 120 284 167 308; x_wconf 92'>have</span>
      <span class='ocrx_word' id='word_1_46' title='bbox 183 286 268 313; x_wconf 91'>Hunde,</span>
      <span class='ocrx_word' id='word_1_47' title='bbox 283 289 331 315; x_wconf 91'>siger</span>
      <span class='ocrx_word' id='word_1_48' title='bbox 348 291 395 316; x_wconf 91'>han,</span>
      <span class='ocrx_word' id='word_1_49' title='bbox 411 298 455 314; x_wconf 90'>men</span>
      <span class='ocrx_word' id='word_1_50' title='bbox 471 296 508 319; x_wconf 90'>han</span>
      <span class='ocrx_word' id='word_1_51' title='bbox 528 302 574 319; x_wconf 92'>maa</span>
      <span class='ocrx_word' id='word_1_52' title='bbox 592 299 640 322; x_wconf 91'>have</span>
     </span>
     <span class='ocr_line' id='line_1_8' title="bbox 62 320 639 360; baseline 0.033 -22; x_size 29; x_descenders 8; x_ascenders 6">
      <span class='ocrx_word' id='word_1_53' title='bbox 62 320 132 346; x_wconf 92'>glemt,</span>
      <span class='ocrx_word' id='word_1_54' title='bbox 149 323 170 342; x_wconf 92'>at</span>
      <span class='ocrx_word' id='word_1_55' title='bbox 186 322 225 346; x_wconf 92'>han</span>
      <span class='ocrx_word' id='word_1_56' title='bbox 242 323 280 347; x_wconf 92'>selv</span>
      <span class='ocrx_word' id='word_1_57' title='bbox 295 325 385 352; x_wconf 92'>beretter,</span>
      <span class='ocrx_word' id='word_1_58' title='bbox 402 332 423 350; x_wconf 92'>at</span>
      <span class='ocrx_word' id='word_1_59' title='bbox 437 330 572 357; x_wconf 81'>Colonisterne</span>
      <span class='ocrx_word' id='word_1_60' title='bbox 588 334 639 360; x_wconf 91'>hidse</span>
     </span>
     <span class='ocr_line' id='line_1_9' title="bbox 61 355 638 395; baseline 0.029 -20; x_size 29; x_descenders 8; x_ascenders 6">
      <span class='ocrx_word' id='word_1_61' title='bbox 61 355 165 383; x_wconf 86'>Hundene</span>
      <span class='ocrx_word' id='word_1_62' title='bbox 180 362 218 382; x_wconf 93'>paa</span>
      <span class='ocrx_word' id='word_1_63' title='bbox 233 360 255 380; x_wconf 92'>de</span>
      <span class='ocrx_word' id='word_1_64' title='bbox 270 360 349 385; x_wconf 91'>stakkels</span>
      <span class='ocrx_word' id='word_1_65' title='bbox 364 364 433 386; x_wconf 60'>Vilde.</span>
      <span class='ocrx_word' id='word_1_66' title='bbox 448 376 474 380; x_wconf 60'>–</span>
      <span class='ocrx_word' id='word_1_67' title='bbox 492 368 583 395; x_wconf 91'>Længere</span>
      <span class='ocrx_word' id='word_1_68' title='bbox 599 370 638 393; x_wconf 92'>hen</span>
     </span>
     <span class='ocr_line' id='line_1_10' title="bbox 60 391 636 430; baseline 0.03 -19; x_size 26; x_descenders 5; x_ascenders 6">
      <span class='ocrx_word' id='word_1_69' title='bbox 60 391 101 416; x_wconf 93'>skal</span>
      <span class='ocrx_word' id='word_1_70' title='bbox 118 398 167 414; x_wconf 92'>mere</span>
      <span class='ocrx_word' id='word_1_71' title='bbox 182 395 264 419; x_wconf 73'>anfsres</span>
      <span class='ocrx_word' id='word_1_72' title='bbox 279 403 310 418; x_wconf 92'>om</span>
      <span class='ocrx_word' id='word_1_73' title='bbox 325 399 445 427; x_wconf 92'>Omgangen</span>
      <span class='ocrx_word' id='word_1_74' title='bbox 438 395 473 434; x_wconf 91'>af</span>
      <span class='ocrx_word' id='word_1_75' title='bbox 472 403 575 426; x_wconf 88'>Settlers</span>
      <span class='ocrx_word' id='word_1_76' title='bbox 586 406 636 430; x_wconf 88'>(Co-</span>
     </span>
     <span class='ocr_line' id='line_1_11' title="bbox 59 428 637 465; baseline 0.029 -18; x_size 26; x_descenders 6; x_ascenders 5">
      <span class='ocrx_word' id='word_1_77' title='bbox 59 428 175 453; x_wconf 91'>lonisterne)</span>
      <span class='ocrx_word' id='word_1_78' title='bbox 190 436 212 456; x_wconf 92'>og</span>
      <span class='ocrx_word' id='word_1_79' title='bbox 229 432 250 452; x_wconf 92'>de</span>
      <span class='ocrx_word' id='word_1_80' title='bbox 266 432 370 461; x_wconf 90'>afskyelige</span>
      <span class='ocrx_word' id='word_1_81' title='bbox 385 436 497 461; x_wconf 91'>Convicter,</span>
      <span class='ocrx_word' id='word_1_82' title='bbox 513 439 542 463; x_wconf 0'>(I0.</span>
      <span class='ocrx_word' id='word_1_83' title='bbox 559 441 581 461; x_wconf 91'>de</span>
      <span class='ocrx_word' id='word_1_84' title='bbox 596 442 637 465; x_wconf 91'>som</span>
     </span>
     <span class='ocr_line' id='line_1_12' title="bbox 58 465 635 508; baseline 0.026 -25; x_size 24; x_descenders 4; x_ascenders 5">
      <span class='ocrx_word' id='word_1_85' title='bbox 58 468 90 484; x_wconf 92'>ere</span>
      <span class='ocrx_word' id='word_1_86' title='bbox 105 465 169 485; x_wconf 92'>dømte</span>
      <span class='ocrx_word' id='word_1_87' title='bbox 184 466 209 487; x_wconf 91'>til</span>
      <span class='ocrx_word' id='word_1_88' title='bbox 224 467 354 494; x_wconf 90'>Botanybay)</span>
      <span class='ocrx_word' id='word_1_89' title='bbox 372 473 414 493; x_wconf 91'>med</span>
      <span class='ocrx_word' id='word_1_90' title='bbox 430 474 452 493; x_wconf 92'>de</span>
      <span class='ocrx_word' id='word_1_91' title='bbox 467 479 519 495; x_wconf 92'>arme</span>
      <span class='ocrx_word' id='word_1_92' title='bbox 523 472 635 508; x_wconf 92'>uskvldige</span>
     </span>
     <span class='ocr_line' id='line_1_13' title="bbox 56 499 633 536; baseline 0.029 -19; x_size 27; x_descenders 6; x_ascenders 7">
      <span class='ocrx_word' id='word_1_93' title='bbox 56 499 158 523; x_wconf 92'>Indfødte</span>
      <span class='ocrx_word' id='word_1_94' title='bbox 172 500 291 528; x_wconf 61'>(natives);</span>
      <span class='ocrx_word' id='word_1_95' title='bbox 309 506 344 531; x_wconf 92'>dog</span>
      <span class='ocrx_word' id='word_1_96' title='bbox 360 510 415 533; x_wconf 92'>tager</span>
      <span class='ocrx_word' id='word_1_97' title='bbox 436 509 472 530; x_wconf 92'>den</span>
      <span class='ocrx_word' id='word_1_98' title='bbox 493 512 633 536; x_wconf 91'>rettænkende,</span>
     </span>
     <span class='ocr_line' id='line_1_14' title="bbox 56 535 633 574; baseline 0.026 -19; x_size 27; x_descenders 4; x_ascenders 7">
      <span class='ocrx_word' id='word_1_99' title='bbox 56 535 128 560; x_wconf 92'>oplyste</span>
      <span class='ocrx_word' id='word_1_100' title='bbox 143 537 222 559; x_wconf 92'>Breton</span>
      <span class='ocrx_word' id='word_1_101' title='bbox 244 538 302 566; x_wconf 92'>stedse</span>
      <span class='ocrx_word' id='word_1_102' title='bbox 317 541 368 567; x_wconf 91'>disse</span>
      <span class='ocrx_word' id='word_1_103' title='bbox 382 543 445 566; x_wconf 92'>Vilde</span>
      <span class='ocrx_word' id='word_1_104' title='bbox 460 545 539 573; x_wconf 46'>istørste</span>
      <span class='ocrx_word' id='word_1_105' title='bbox 548 548 633 574; x_wconf 91'>Forsvar</span>
     </span>
     <span class='ocr_line' id='line_1_15' title="bbox 54 571 159 598; baseline 0.01 -7; x_size 27; x_descenders 5; x_ascenders 6">
      <span class='ocrx_word' id='word_1_106' title='bbox 54 573 99 593; x_wconf 92'>mod</span>
      <span class='ocrx_word' id='word_1_107' title='bbox 107 571 159 598; x_wconf 89'>hine.</span>
     </span>
    </p>
   </div>
   <div class='ocr_carea' id='block_1_3' title="bbox 50 644 628 781">
    <p class='ocr_par' id='par_1_3' lang='nor-frak' title="bbox 50 644 628 781">
     <span class='ocr_line' id='line_1_16' title="bbox 106 644 628 679; baseline 0.027 -16; x_size 26; x_descenders 4; x_ascenders 7">
      <span class='ocrx_word' id='word_1_108' title='bbox 106 644 241 668; x_wconf 92'>Jordbunden</span>
      <span class='ocrx_word' id='word_1_109' title='bbox 257 652 277 667; x_wconf 93'>er</span>
      <span class='ocrx_word' id='word_1_110' title='bbox 291 648 322 672; x_wconf 92'>for</span>
      <span class='ocrx_word' id='word_1_111' title='bbox 336 649 368 670; x_wconf 92'>det</span>
      <span class='ocrx_word' id='word_1_112' title='bbox 387 650 442 675; x_wconf 91'>meste</span>
      <span class='ocrx_word' id='word_1_113' title='bbox 461 652 498 678; x_wconf 91'>god</span>
      <span class='ocrx_word' id='word_1_114' title='bbox 518 653 543 675; x_wconf 92'>til</span>
      <span class='ocrx_word' id='word_1_115' title='bbox 562 654 628 679; x_wconf 79'>Dyrk-</span>
     </span>
     <span class='ocr_line' id='line_1_17' title="bbox 52 678 627 714; baseline 0.023 -16; x_size 24; x_descenders 4; x_ascenders 5">
      <span class='ocrx_word' id='word_1_116' title='bbox 52 678 102 705; x_wconf 92'>ning</span>
      <span class='ocrx_word' id='word_1_117' title='bbox 112 680 153 703; x_wconf 91'>der</span>
      <span class='ocrx_word' id='word_1_118' title='bbox 159 680 282 706; x_wconf 36'>(Sswanbay).</span>
      <span class='ocrx_word' id='word_1_119' title='bbox 297 684 452 708; x_wconf 92'>Thermometret</span>
      <span class='ocrx_word' id='word_1_120' title='bbox 460 688 545 709; x_wconf 90'>varierer</span>
      <span class='ocrx_word' id='word_1_121' title='bbox 555 690 627 714; x_wconf 22'>frag2</span>
     </span>
     <span class='ocr_line' id='line_1_18' title="bbox 51 715 626 752; baseline 0.024 -19; x_size 28; x_descenders 7; x_ascenders 6">
      <span class='ocrx_word' id='word_1_122' title='bbox 51 715 76 735; x_wconf 91'>til</span>
      <span class='ocrx_word' id='word_1_123' title='bbox 91 717 139 738; x_wconf 27'>105»</span>
      <span class='ocrx_word' id='word_1_124' title='bbox 154 716 284 741; x_wconf 90'>Fahrenheits</span>
      <span class='ocrx_word' id='word_1_125' title='bbox 300 719 366 742; x_wconf 91'>Scala</span>
      <span class='ocrx_word' id='word_1_126' title='bbox 380 725 419 741; x_wconf 60'>–</span>
      <span class='ocrx_word' id='word_1_127' title='bbox 469 725 504 748; x_wconf 38'>10</span>
      <span class='ocrx_word' id='word_1_128' title='bbox 522 730 545 752; x_wconf 16'>og</span>
      <span class='ocrx_word' id='word_1_129' title='bbox 556 728 626 750; x_wconf 16'> 320</span>
     </span>
     <span class='ocr_line' id='line_1_19' title="bbox 50 750 346 781; baseline 0.024 -11; x_size 27; x_descenders 6; x_ascenders 5">
      <span class='ocrx_word' id='word_1_130' title='bbox 50 750 162 773; x_wconf 91'>Reaumur.</span>
      <span class='ocrx_word' id='word_1_131' title='bbox 191 752 258 775; x_wconf 31'>Scala</span>
      <span class='ocrx_word' id='word_1_132' title='bbox 273 757 302 780; x_wconf 92'>pt.</span>
      <span class='ocrx_word' id='word_1_133' title='bbox 316 758 346 781; x_wconf 89'>pt.</span>
     </span>
    </p>
   </div>
   <div class='ocr_carea' id='block_1_4' title="bbox 43 830 620 1003">
    <p class='ocr_par' id='par_1_4' lang='nor-frak' title="bbox 43 830 620 1003">
     <span class='ocr_line' id='line_1_20' title="bbox 102 830 620 862; baseline 0.023 -12; x_size 28; x_descenders 6; x_ascenders 6">
      <span class='ocrx_word' id='word_1_134' title='bbox 102 830 155 857; x_wconf 92'>Han</span>
      <span class='ocrx_word' id='word_1_135' title='bbox 170 830 280 855; x_wconf 89'>bemærker,</span>
      <span class='ocrx_word' id='word_1_136' title='bbox 297 836 317 855; x_wconf 92'>at</span>
      <span class='ocrx_word' id='word_1_137' title='bbox 332 835 371 858; x_wconf 92'>han</span>
      <span class='ocrx_word' id='word_1_138' title='bbox 387 837 407 861; x_wconf 92'>af</span>
      <span class='ocrx_word' id='word_1_139' title='bbox 426 838 459 861; x_wconf 92'>saa</span>
      <span class='ocrx_word' id='word_1_140' title='bbox 472 839 527 860; x_wconf 91'>kolde</span>
      <span class='ocrx_word' id='word_1_141' title='bbox 541 840 620 862; x_wconf 91'>Nætter</span>
     </span>
     <span class='ocr_line' id='line_1_21' title="bbox 48 866 620 902; baseline 0.021 -17; x_size 26; x_descenders 5; x_ascenders 5">
      <span class='ocrx_word' id='word_1_142' title='bbox 48 870 73 892; x_wconf 92'>og</span>
      <span class='ocrx_word' id='word_1_143' title='bbox 90 870 114 886; x_wconf 93'>en</span>
      <span class='ocrx_word' id='word_1_144' title='bbox 130 866 203 891; x_wconf 92'>saadan</span>
      <span class='ocrx_word' id='word_1_145' title='bbox 219 869 320 893; x_wconf 91'>trykkende</span>
      <span class='ocrx_word' id='word_1_146' title='bbox 334 871 400 898; x_wconf 92'>Hede,</span>
      <span class='ocrx_word' id='word_1_147' title='bbox 416 878 439 898; x_wconf 92'>og</span>
      <span class='ocrx_word' id='word_1_148' title='bbox 455 874 485 893; x_wconf 92'>det</span>
      <span class='ocrx_word' id='word_1_149' title='bbox 501 874 506 894; x_wconf 90'>i</span>
      <span class='ocrx_word' id='word_1_150' title='bbox 522 875 620 902; x_wconf 90'>Skyggen</span>
     </span>
     <span class='ocr_line' id='line_1_22' title="bbox 46 902 618 936; baseline 0.019 -15; x_size 27; x_descenders 6; x_ascenders 6">
      <span class='ocrx_word' id='word_1_151' title='bbox 46 905 79 922; x_wconf 93'>om</span>
      <span class='ocrx_word' id='word_1_152' title='bbox 94 902 177 928; x_wconf 90'>Dagen,</span>
      <span class='ocrx_word' id='word_1_153' title='bbox 191 907 226 925; x_wconf 92'>var</span>
      <span class='ocrx_word' id='word_1_154' title='bbox 241 904 274 928; x_wconf 91'>saa</span>
      <span class='ocrx_word' id='word_1_155' title='bbox 290 906 346 931; x_wconf 92'>langt</span>
      <span class='ocrx_word' id='word_1_156' title='bbox 362 905 392 929; x_wconf 92'>fra</span>
      <span class='ocrx_word' id='word_1_157' title='bbox 408 910 428 927; x_wconf 92'>at</span>
      <span class='ocrx_word' id='word_1_158' title='bbox 443 908 517 933; x_wconf 91'>befinde</span>
      <span class='ocrx_word' id='word_1_159' title='bbox 531 910 558 936; x_wconf 92'>sig</span>
      <span class='ocrx_word' id='word_1_160' title='bbox 570 911 618 934; x_wconf 89'>ilde,</span>
     </span>
     <span class='ocr_line' id='line_1_23' title="bbox 46 936 617 971; baseline 0.023 -15; x_size 26; x_descenders 4; x_ascenders 7">
      <span class='ocrx_word' id='word_1_161' title='bbox 46 937 67 956; x_wconf 92'>at</span>
      <span class='ocrx_word' id='word_1_162' title='bbox 83 936 121 960; x_wconf 92'>han</span>
      <span class='ocrx_word' id='word_1_163' title='bbox 138 944 162 964; x_wconf 93'>og</span>
      <span class='ocrx_word' id='word_1_164' title='bbox 177 938 222 964; x_wconf 92'>flere</span>
      <span class='ocrx_word' id='word_1_165' title='bbox 237 939 320 965; x_wconf 90'>befunde</span>
      <span class='ocrx_word' id='word_1_166' title='bbox 337 941 363 967; x_wconf 92'>sig</span>
      <span class='ocrx_word' id='word_1_167' title='bbox 379 941 431 965; x_wconf 92'>saare</span>
      <span class='ocrx_word' id='word_1_168' title='bbox 445 945 476 965; x_wconf 93'>vel</span>
      <span class='ocrx_word' id='word_1_169' title='bbox 485 950 509 971; x_wconf 92'>og</span>
      <span class='ocrx_word' id='word_1_170' title='bbox 519 945 573 971; x_wconf 92'>friske</span>
      <span class='ocrx_word' id='word_1_171' title='bbox 581 947 617 969; x_wconf 92'>ved</span>
     </span>
     <span class='ocr_line' id='line_1_24' title="bbox 43 971 441 1003; baseline 0.02 -12; x_size 28; x_descenders 6; x_ascenders 6">
      <span class='ocrx_word' id='word_1_172' title='bbox 43 971 133 993; x_wconf 83'>Nattens</span>
      <span class='ocrx_word' id='word_1_173' title='bbox 148 974 214 996; x_wconf 91'>Kulde</span>
      <span class='ocrx_word' id='word_1_174' title='bbox 228 975 273 996; x_wconf 92'>eller</span>
      <span class='ocrx_word' id='word_1_175' title='bbox 287 975 400 1003; x_wconf 87'>Kjølighed.</span>
      <span class='ocrx_word' id='word_1_176' title='bbox 414 988 441 992; x_wconf 77'>–</span>
     </span>
    </p>
   </div>
   <div class='ocr_carea' id='block_1_5' title="bbox 38 1052 612 1189">
    <p class='ocr_par' id='par_1_5' lang='nor-frak' title="bbox 38 1052 612 1189">
     <span class='ocr_line' id='line_1_25' title="bbox 96 1052 612 1090; baseline 0.017 -19; x_size 27; x_descenders 5; x_ascenders 7">
      <span class='ocrx_word' id='word_1_177' title='bbox 96 1052 113 1076; x_wconf 92'>I</span>
      <span class='ocrx_word' id='word_1_178' title='bbox 129 1052 267 1074; x_wconf 91'>Maanederne</span>
      <span class='ocrx_word' id='word_1_179' title='bbox 282 1054 336 1078; x_wconf 89'>Mai,</span>
      <span class='ocrx_word' id='word_1_180' title='bbox 351 1056 414 1080; x_wconf 92'>Juni,</span>
      <span class='ocrx_word' id='word_1_181' title='bbox 429 1057 477 1081; x_wconf 92'>Juli</span>
      <span class='ocrx_word' id='word_1_182' title='bbox 493 1064 516 1085; x_wconf 92'>og</span>
      <span class='ocrx_word' id='word_1_183' title='bbox 527 1054 612 1090; x_wconf 91'>August</span>
     </span>
     <span class='ocr_line' id='line_1_26' title="bbox 41 1089 611 1119; baseline 0.018 -14; x_size 24; x_descenders 5; x_ascenders 4">
      <span class='ocrx_word' id='word_1_184' title='bbox 41 1089 96 1111; x_wconf 92'>1829</span>
      <span class='ocrx_word' id='word_1_185' title='bbox 111 1089 193 1114; x_wconf 92'>regnede</span>
      <span class='ocrx_word' id='word_1_186' title='bbox 209 1090 239 1109; x_wconf 91'>det</span>
      <span class='ocrx_word' id='word_1_187' title='bbox 254 1090 323 1115; x_wconf 92'>næsten</span>
      <span class='ocrx_word' id='word_1_188' title='bbox 339 1091 450 1118; x_wconf 91'>uophørlig,</span>
      <span class='ocrx_word' id='word_1_189' title='bbox 467 1094 499 1114; x_wconf 93'>der</span>
      <span class='ocrx_word' id='word_1_190' title='bbox 507 1099 541 1115; x_wconf 92'>var</span>
      <span class='ocrx_word' id='word_1_191' title='bbox 549 1099 611 1119; x_wconf 91'>neppe</span>
     </span>
     <span class='ocr_line' id='line_1_27' title="bbox 39 1122 609 1151; baseline 0.016 -9; x_size 26.278793; x_descenders 5.2787933; x_ascenders 6">
      <span class='ocrx_word' id='word_1_192' title='bbox 39 1126 52 1140; x_wconf 89'>1</span>
      <span class='ocrx_word' id='word_1_193' title='bbox 67 1122 137 1143; x_wconf 89'>Times</span>
      <span class='ocrx_word' id='word_1_194' title='bbox 152 1123 242 1145; x_wconf 92'>Stands.</span>
      <span class='ocrx_word' id='word_1_195' title='bbox 271 1126 307 1147; x_wconf 93'>Da</span>
      <span class='ocrx_word' id='word_1_196' title='bbox 323 1126 360 1150; x_wconf 92'>han</span>
      <span class='ocrx_word' id='word_1_197' title='bbox 376 1126 440 1150; x_wconf 92'>senere</span>
      <span class='ocrx_word' id='word_1_198' title='bbox 454 1128 496 1149; x_wconf 93'>kom</span>
      <span class='ocrx_word' id='word_1_199' title='bbox 514 1129 538 1150; x_wconf 92'>til</span>
      <span class='ocrx_word' id='word_1_200' title='bbox 559 1130 609 1151; x_wconf 91'>Sid-</span>
     </span>
     <span class='ocr_line' id='line_1_28' title="bbox 38 1157 607 1189; baseline 0.012 -10; x_size 28; x_descenders 5; x_ascenders 6">
      <span class='ocrx_word' id='word_1_201' title='bbox 38 1160 84 1182; x_wconf 89'>nep,</span>
      <span class='ocrx_word' id='word_1_202' title='bbox 100 1157 142 1180; x_wconf 92'>kom</span>
      <span class='ocrx_word' id='word_1_203' title='bbox 156 1160 269 1187; x_wconf 91'>Beretning</span>
      <span class='ocrx_word' id='word_1_204' title='bbox 284 1161 315 1187; x_wconf 92'>fra</span>
      <span class='ocrx_word' id='word_1_205' title='bbox 329 1161 443 1189; x_wconf 92'>Swanbay,</span>
      <span class='ocrx_word' id='word_1_206' title='bbox 461 1166 482 1185; x_wconf 92'>at</span>
      <span class='ocrx_word' id='word_1_207' title='bbox 497 1164 529 1186; x_wconf 91'>der</span>
      <span class='ocrx_word' id='word_1_208' title='bbox 538 1164 607 1189; x_wconf 82'>herske-</span>
     </span>
    </p>
   </div>
  </div>
 </body>
</html>
