<?xml version="1.0" encoding="UTF-8"?>
<!DOCTYPE html PUBLIC "-//W3C//DTD XHTML 1.0 Transitional//EN"
    "http://www.w3.org/TR/xhtml1/DTD/xhtml1-transitional.dtd">
<html xmlns="http://www.w3.org/1999/xhtml" xml:lang="en" lang="en">
 <head>
  <title></title>
  <meta http-equiv="Content-Type" content="text/html;charset=utf-8"/>
  <meta name='ocr-system' content='tesseract 4.1.0' />
  <meta name='ocr-capabilities' content='ocr_page ocr_carea ocr_par ocr_line ocrx_word ocrp_wconf'/>
 </head>
 <body>
  <div class='ocr_page' id='page_1' title='image "/tmp/tess_do40xqvj.JPEG"; bbox 0 0 680 1310; ppageno 0'>
   <div class='ocr_carea' id='block_1_1' title="bbox 306 55 319 75">
    <p class='ocr_par' id='par_1_1' lang='nor-frak' title="bbox 306 55 319 75">
     <span class='ocr_line' id='line_1_1' title="bbox 306 55 319 75; baseline 0 0; x_size 28; x_descenders 7; x_ascenders 7">
      <span class='ocrx_word' id='word_1_1' title='bbox 306 55 319 75; x_wconf 93'>5</span>
     </span>
    </p>
   </div>
   <div class='ocr_carea' id='block_1_2' title="bbox 29 104 600 209">
    <p class='ocr_par' id='par_1_2' lang='nor-frak' title="bbox 29 104 600 209">
     <span class='ocr_line' id='line_1_2' title="bbox 29 104 599 135; baseline -0.011 -3; x_size 29; x_descenders 5; x_ascenders 7">
      <span class='ocrx_word' id='word_1_2' title='bbox 29 112 54 132; x_wconf 92'>de</span>
      <span class='ocrx_word' id='word_1_3' title='bbox 70 114 92 131; x_wconf 92'>en</span>
      <span class='ocrx_word' id='word_1_4' title='bbox 107 107 143 135; x_wconf 92'>stor</span>
      <span class='ocrx_word' id='word_1_5' title='bbox 159 107 230 130; x_wconf 91'>Tørke.</span>
      <span class='ocrx_word' id='word_1_6' title='bbox 248 117 274 122; x_wconf 86'>–</span>
      <span class='ocrx_word' id='word_1_7' title='bbox 292 105 364 129; x_wconf 91'>Baade</span>
      <span class='ocrx_word' id='word_1_8' title='bbox 382 104 425 131; x_wconf 58'>Øst-</span>
      <span class='ocrx_word' id='word_1_9' title='bbox 442 111 467 133; x_wconf 73'>og</span>
      <span class='ocrx_word' id='word_1_10' title='bbox 485 105 599 131; x_wconf 89'>Vestkvsten</span>
     </span>
     <span class='ocr_line' id='line_1_3' title="bbox 31 141 600 173; baseline -0.009 -5; x_size 28; x_descenders 5; x_ascenders 7">
      <span class='ocrx_word' id='word_1_11' title='bbox 31 146 53 170; x_wconf 92'>af</span>
      <span class='ocrx_word' id='word_1_12' title='bbox 64 146 108 171; x_wconf 92'>Nye</span>
      <span class='ocrx_word' id='word_1_13' title='bbox 123 144 215 173; x_wconf 91'>Holland</span>
      <span class='ocrx_word' id='word_1_14' title='bbox 230 149 260 165; x_wconf 91'>ere</span>
      <span class='ocrx_word' id='word_1_15' title='bbox 274 144 337 169; x_wconf 92'>meget</span>
      <span class='ocrx_word' id='word_1_16' title='bbox 350 141 429 168; x_wconf 92'>udsatte</span>
      <span class='ocrx_word' id='word_1_17' title='bbox 443 142 473 168; x_wconf 93'>for</span>
      <span class='ocrx_word' id='word_1_18' title='bbox 487 141 540 167; x_wconf 91'>stærk</span>
      <span class='ocrx_word' id='word_1_19' title='bbox 548 142 600 164; x_wconf 90'>Tør-</span>
     </span>
     <span class='ocr_line' id='line_1_4' title="bbox 31 178 426 209; baseline -0.013 -4; x_size 28; x_descenders 4; x_ascenders 7">
      <span class='ocrx_word' id='word_1_20' title='bbox 31 182 49 205; x_wconf 92'>ke</span>
      <span class='ocrx_word' id='word_1_21' title='bbox 63 187 88 209; x_wconf 92'>og</span>
      <span class='ocrx_word' id='word_1_22' title='bbox 102 180 140 207; x_wconf 92'>stor</span>
      <span class='ocrx_word' id='word_1_23' title='bbox 154 178 386 206; x_wconf 76'>Vandoversvømmelse.</span>
      <span class='ocrx_word' id='word_1_24' title='bbox 399 188 426 193; x_wconf 76'>–</span>
     </span>
    </p>
   </div>
   <div class='ocr_carea' id='block_1_3' title="bbox 30 241 620 1197">
    <p class='ocr_par' id='par_1_3' lang='nor-frak' title="bbox 30 241 620 1197">
     <span class='ocr_line' id='line_1_5' title="bbox 82 241 602 270; baseline -0.006 -4; x_size 27; x_descenders 4; x_ascenders 7">
      <span class='ocrx_word' id='word_1_25' title='bbox 82 246 128 268; x_wconf 39'>Der</span>
      <span class='ocrx_word' id='word_1_26' title='bbox 137 250 156 266; x_wconf 92'>er</span>
      <span class='ocrx_word' id='word_1_27' title='bbox 164 245 239 265; x_wconf 92'>overalt</span>
      <span class='ocrx_word' id='word_1_28' title='bbox 247 242 253 265; x_wconf 92'>i</span>
      <span class='ocrx_word' id='word_1_29' title='bbox 261 244 292 265; x_wconf 92'>det</span>
      <span class='ocrx_word' id='word_1_30' title='bbox 303 243 344 269; x_wconf 91'>hele</span>
      <span class='ocrx_word' id='word_1_31' title='bbox 353 243 409 267; x_wconf 92'>Land</span>
      <span class='ocrx_word' id='word_1_32' title='bbox 423 243 445 265; x_wconf 92'>de</span>
      <span class='ocrx_word' id='word_1_33' title='bbox 453 241 542 270; x_wconf 91'>herligste</span>
      <span class='ocrx_word' id='word_1_34' title='bbox 550 242 602 267; x_wconf 90'>Pro-</span>
     </span>
     <span class='ocr_line' id='line_1_6' title="bbox 30 279 603 308; baseline -0.003 -5; x_size 27; x_descenders 5; x_ascenders 7">
      <span class='ocrx_word' id='word_1_35' title='bbox 30 281 101 308; x_wconf 91'>specter</span>
      <span class='ocrx_word' id='word_1_36' title='bbox 115 280 222 305; x_wconf 8'>(ccenery)</span>
      <span class='ocrx_word' id='word_1_37' title='bbox 237 285 261 306; x_wconf 93'>og</span>
      <span class='ocrx_word' id='word_1_38' title='bbox 269 279 325 305; x_wconf 92'>meest</span>
      <span class='ocrx_word' id='word_1_39' title='bbox 334 279 452 306; x_wconf 92'>romantiske</span>
      <span class='ocrx_word' id='word_1_40' title='bbox 461 280 525 306; x_wconf 92'>Egne.</span>
      <span class='ocrx_word' id='word_1_41' title='bbox 553 279 603 305; x_wconf 92'>Dog</span>
     </span>
     <span class='ocr_line' id='line_1_7' title="bbox 30 314 604 343; baseline -0.005 -5; x_size 28; x_descenders 6; x_ascenders 6">
      <span class='ocrx_word' id='word_1_42' title='bbox 30 318 66 342; x_wconf 92'>har</span>
      <span class='ocrx_word' id='word_1_43' title='bbox 80 321 127 338; x_wconf 92'>man</span>
      <span class='ocrx_word' id='word_1_44' title='bbox 142 316 194 343; x_wconf 91'>gjort</span>
      <span class='ocrx_word' id='word_1_45' title='bbox 208 316 269 337; x_wconf 92'>baade</span>
      <span class='ocrx_word' id='word_1_46' title='bbox 284 316 378 343; x_wconf 92'>formeget</span>
      <span class='ocrx_word' id='word_1_47' title='bbox 392 321 417 343; x_wconf 92'>og</span>
      <span class='ocrx_word' id='word_1_48' title='bbox 432 316 511 340; x_wconf 92'>forlidet</span>
      <span class='ocrx_word' id='word_1_49' title='bbox 525 314 533 336; x_wconf 92'>i</span>
      <span class='ocrx_word' id='word_1_50' title='bbox 544 316 565 335; x_wconf 92'>at</span>
      <span class='ocrx_word' id='word_1_51' title='bbox 572 314 604 335; x_wconf 91'>be-</span>
     </span>
     <span class='ocr_line' id='line_1_8' title="bbox 30 350 605 379; baseline -0.005 -5; x_size 27; x_descenders 5; x_ascenders 6">
      <span class='ocrx_word' id='word_1_52' title='bbox 30 353 91 379; x_wconf 91'>skrive</span>
      <span class='ocrx_word' id='word_1_53' title='bbox 105 352 187 374; x_wconf 92'>Landet.</span>
      <span class='ocrx_word' id='word_1_54' title='bbox 214 351 293 378; x_wconf 90'>Mange</span>
      <span class='ocrx_word' id='word_1_55' title='bbox 306 352 438 378; x_wconf 92'>Englændere</span>
      <span class='ocrx_word' id='word_1_56' title='bbox 453 356 484 373; x_wconf 92'>ere</span>
      <span class='ocrx_word' id='word_1_57' title='bbox 491 351 571 377; x_wconf 92'>flyttede</span>
      <span class='ocrx_word' id='word_1_58' title='bbox 579 350 605 372; x_wconf 92'>til</span>
     </span>
     <span class='ocr_line' id='line_1_9' title="bbox 30 385 605 416; baseline -0.012 -5; x_size 31; x_descenders 7; x_ascenders 8">
      <span class='ocrx_word' id='word_1_59' title='bbox 30 389 75 413; x_wconf 91'>Nye</span>
      <span class='ocrx_word' id='word_1_60' title='bbox 82 388 179 416; x_wconf 92'>Holland,</span>
      <span class='ocrx_word' id='word_1_61' title='bbox 186 386 192 408; x_wconf 89'>i</span>
      <span class='ocrx_word' id='word_1_62' title='bbox 197 386 271 411; x_wconf 89'>Tanke,</span>
      <span class='ocrx_word' id='word_1_63' title='bbox 278 390 299 409; x_wconf 90'>at</span>
      <span class='ocrx_word' id='word_1_64' title='bbox 307 389 339 410; x_wconf 91'>der</span>
      <span class='ocrx_word' id='word_1_65' title='bbox 345 393 381 409; x_wconf 92'>var</span>
      <span class='ocrx_word' id='word_1_66' title='bbox 388 389 419 409; x_wconf 93'>det</span>
      <span class='ocrx_word' id='word_1_67' title='bbox 427 387 486 411; x_wconf 92'>sande</span>
      <span class='ocrx_word' id='word_1_68' title='bbox 495 385 605 412; x_wconf 0'>Ntopia–</span>
     </span>
     <span class='ocr_line' id='line_1_10' title="bbox 31 422 606 451; baseline -0.003 -5; x_size 28; x_descenders 6; x_ascenders 6">
      <span class='ocrx_word' id='word_1_69' title='bbox 31 423 199 449; x_wconf 91'>Slaraffenland,</span>
      <span class='ocrx_word' id='word_1_70' title='bbox 214 423 263 447; x_wconf 92'>hvor</span>
      <span class='ocrx_word' id='word_1_71' title='bbox 277 422 337 451; x_wconf 90'>stegte</span>
      <span class='ocrx_word' id='word_1_72' title='bbox 351 424 409 447; x_wconf 91'>Duer</span>
      <span class='ocrx_word' id='word_1_73' title='bbox 423 424 476 450; x_wconf 91'>flyve</span>
      <span class='ocrx_word' id='word_1_74' title='bbox 489 424 533 444; x_wconf 91'>med</span>
      <span class='ocrx_word' id='word_1_75' title='bbox 553 422 606 447; x_wconf 89'>Gaf-</span>
     </span>
     <span class='ocr_line' id='line_1_11' title="bbox 32 458 607 487; baseline -0.003 -6; x_size 28; x_descenders 6; x_ascenders 6">
      <span class='ocrx_word' id='word_1_76' title='bbox 32 462 60 486; x_wconf 92'>fel</span>
      <span class='ocrx_word' id='word_1_77' title='bbox 75 466 99 487; x_wconf 92'>og</span>
      <span class='ocrx_word' id='word_1_78' title='bbox 113 460 168 481; x_wconf 90'>Kniv</span>
      <span class='ocrx_word' id='word_1_79' title='bbox 183 459 190 481; x_wconf 90'>i</span>
      <span class='ocrx_word' id='word_1_80' title='bbox 209 460 301 486; x_wconf 90'>Ryggen.</span>
      <span class='ocrx_word' id='word_1_81' title='bbox 330 460 367 482; x_wconf 92'>Da</span>
      <span class='ocrx_word' id='word_1_82' title='bbox 386 464 416 481; x_wconf 92'>ere</span>
      <span class='ocrx_word' id='word_1_83' title='bbox 435 461 458 480; x_wconf 93'>de</span>
      <span class='ocrx_word' id='word_1_84' title='bbox 476 458 607 485; x_wconf 92'>Emigranter</span>
     </span>
     <span class='ocr_line' id='line_1_12' title="bbox 33 494 606 521; baseline -0.002 -4; x_size 27; x_descenders 5; x_ascenders 7">
      <span class='ocrx_word' id='word_1_85' title='bbox 33 497 72 521; x_wconf 91'>ofte</span>
      <span class='ocrx_word' id='word_1_86' title='bbox 78 495 146 518; x_wconf 91'>blevne</span>
      <span class='ocrx_word' id='word_1_87' title='bbox 154 494 246 521; x_wconf 91'>storligen</span>
      <span class='ocrx_word' id='word_1_88' title='bbox 254 494 358 521; x_wconf 68'>bedragne.</span>
      <span class='ocrx_word' id='word_1_89' title='bbox 366 494 511 520; x_wconf 90'>Oversætteren</span>
      <span class='ocrx_word' id='word_1_90' title='bbox 517 495 606 516; x_wconf 92'>erindrer</span>
     </span>
     <span class='ocr_line' id='line_1_13' title="bbox 33 530 608 559; baseline -0.003 -7; x_size 27; x_descenders 5; x_ascenders 6">
      <span class='ocrx_word' id='word_1_91' title='bbox 22 526 61 563; x_wconf 92'>sig</span>
      <span class='ocrx_word' id='word_1_92' title='bbox 68 526 135 563; x_wconf 91'>herved</span>
      <span class='ocrx_word' id='word_1_93' title='bbox 141 531 242 554; x_wconf 83'>Manden,</span>
      <span class='ocrx_word' id='word_1_94' title='bbox 248 530 300 555; x_wconf 85'>som</span>
      <span class='ocrx_word' id='word_1_95' title='bbox 285 526 305 563; x_wconf 85'>i</span>
      <span class='ocrx_word' id='word_1_96' title='bbox 308 531 390 556; x_wconf 54'>Europa</span>
      <span class='ocrx_word' id='word_1_97' title='bbox 398 530 415 552; x_wconf 92'>ei</span>
      <span class='ocrx_word' id='word_1_98' title='bbox 423 530 447 556; x_wconf 92'>fik</span>
      <span class='ocrx_word' id='word_1_99' title='bbox 457 531 507 557; x_wconf 90'>Fred</span>
      <span class='ocrx_word' id='word_1_100' title='bbox 514 531 544 555; x_wconf 90'>for</span>
      <span class='ocrx_word' id='word_1_101' title='bbox 553 531 608 557; x_wconf 92'>Fan-</span>
     </span>
     <span class='ocr_line' id='line_1_14' title="bbox 34 566 608 593; baseline -0.003 -5; x_size 26; x_descenders 4; x_ascenders 7">
      <span class='ocrx_word' id='word_1_102' title='bbox 34 568 73 588; x_wconf 91'>den</span>
      <span class='ocrx_word' id='word_1_103' title='bbox 84 572 109 593; x_wconf 92'>og</span>
      <span class='ocrx_word' id='word_1_104' title='bbox 123 566 187 591; x_wconf 92'>derfor</span>
      <span class='ocrx_word' id='word_1_105' title='bbox 194 566 274 591; x_wconf 91'>flyttede</span>
      <span class='ocrx_word' id='word_1_106' title='bbox 282 566 323 587; x_wconf 91'>til</span>
      <span class='ocrx_word' id='word_1_107' title='bbox 322 561 410 597; x_wconf 86'>Amerika.</span>
      <span class='ocrx_word' id='word_1_108' title='bbox 425 567 470 588; x_wconf 92'>Did</span>
      <span class='ocrx_word' id='word_1_109' title='bbox 476 566 519 588; x_wconf 92'>kom</span>
      <span class='ocrx_word' id='word_1_110' title='bbox 527 566 574 590; x_wconf 92'>han,</span>
      <span class='ocrx_word' id='word_1_111' title='bbox 583 572 608 592; x_wconf 93'>og</span>
     </span>
     <span class='ocr_line' id='line_1_15' title="bbox 35 600 608 629; baseline -0.003 -5; x_size 26; x_descenders 4; x_ascenders 6">
      <span class='ocrx_word' id='word_1_112' title='bbox 35 607 75 628; x_wconf 92'>paa</span>
      <span class='ocrx_word' id='word_1_113' title='bbox 82 603 147 629; x_wconf 92'>Taget</span>
      <span class='ocrx_word' id='word_1_114' title='bbox 154 601 176 626; x_wconf 92'>af</span>
      <span class='ocrx_word' id='word_1_115' title='bbox 183 602 214 623; x_wconf 92'>det</span>
      <span class='ocrx_word' id='word_1_116' title='bbox 222 600 278 627; x_wconf 92'>første</span>
      <span class='ocrx_word' id='word_1_117' title='bbox 285 600 357 628; x_wconf 90'>Huus,</span>
      <span class='ocrx_word' id='word_1_118' title='bbox 367 601 405 627; x_wconf 92'>han</span>
      <span class='ocrx_word' id='word_1_119' title='bbox 414 603 446 623; x_wconf 92'>der</span>
      <span class='ocrx_word' id='word_1_120' title='bbox 456 601 508 626; x_wconf 91'>saae,</span>
      <span class='ocrx_word' id='word_1_121' title='bbox 516 601 559 626; x_wconf 91'>saae</span>
      <span class='ocrx_word' id='word_1_122' title='bbox 568 602 608 626; x_wconf 92'>han</span>
     </span>
     <span class='ocr_line' id='line_1_16' title="bbox 35 637 609 666; baseline -0.002 -7; x_size 28; x_descenders 6; x_ascenders 6">
      <span class='ocrx_word' id='word_1_123' title='bbox 35 639 118 665; x_wconf 92'>Fanden</span>
      <span class='ocrx_word' id='word_1_124' title='bbox 132 637 190 663; x_wconf 90'>sidde,</span>
      <span class='ocrx_word' id='word_1_125' title='bbox 217 642 245 658; x_wconf 93'>nu</span>
      <span class='ocrx_word' id='word_1_126' title='bbox 276 637 352 659; x_wconf 88'>udbrød</span>
      <span class='ocrx_word' id='word_1_127' title='bbox 373 638 425 663; x_wconf 86'>han:</span>
      <span class='ocrx_word' id='word_1_128' title='bbox 454 637 545 666; x_wconf 55'>»Havde</span>
      <span class='ocrx_word' id='word_1_129' title='bbox 566 638 609 664; x_wconf 90'>Jeg</span>
     </span>
     <span class='ocr_line' id='line_1_17' title="bbox 36 673 612 700; baseline -0.002 -5; x_size 26; x_descenders 4; x_ascenders 6">
      <span class='ocrx_word' id='word_1_130' title='bbox 36 674 104 697; x_wconf 91'>tænkt,</span>
      <span class='ocrx_word' id='word_1_131' title='bbox 120 675 140 695; x_wconf 92'>at</span>
      <span class='ocrx_word' id='word_1_132' title='bbox 154 675 181 695; x_wconf 92'>du</span>
      <span class='ocrx_word' id='word_1_133' title='bbox 195 673 255 699; x_wconf 92'>ogsaa</span>
      <span class='ocrx_word' id='word_1_134' title='bbox 268 677 304 694; x_wconf 92'>var</span>
      <span class='ocrx_word' id='word_1_135' title='bbox 318 673 360 698; x_wconf 92'>her,</span>
      <span class='ocrx_word' id='word_1_136' title='bbox 377 674 402 695; x_wconf 92'>da</span>
      <span class='ocrx_word' id='word_1_137' title='bbox 416 673 478 699; x_wconf 91'>havde</span>
      <span class='ocrx_word' id='word_1_138' title='bbox 494 673 525 700; x_wconf 92'>jeg</span>
      <span class='ocrx_word' id='word_1_139' title='bbox 540 673 612 695; x_wconf 92'>bleven</span>
     </span>
     <span class='ocr_line' id='line_1_18' title="bbox 36 708 611 736; baseline 0 -6; x_size 27; x_descenders 6; x_ascenders 5">
      <span class='ocrx_word' id='word_1_140' title='bbox 36 710 84 735; x_wconf 90'>hvor</span>
      <span class='ocrx_word' id='word_1_141' title='bbox 105 709 136 736; x_wconf 91'>jeg</span>
      <span class='ocrx_word' id='word_1_142' title='bbox 156 709 212 730; x_wconf 90'>var.»</span>
      <span class='ocrx_word' id='word_1_143' title='bbox 248 708 320 736; x_wconf 92'>Endog</span>
      <span class='ocrx_word' id='word_1_144' title='bbox 341 710 500 736; x_wconf 92'>Beretningerne</span>
      <span class='ocrx_word' id='word_1_145' title='bbox 521 710 552 735; x_wconf 92'>fra</span>
      <span class='ocrx_word' id='word_1_146' title='bbox 578 710 611 730; x_wconf 92'>det</span>
     </span>
     <span class='ocr_line' id='line_1_19' title="bbox 39 744 611 771; baseline -0.002 -4; x_size 26; x_descenders 5; x_ascenders 5">
      <span class='ocrx_word' id='word_1_147' title='bbox 39 750 75 767; x_wconf 88'>ene</span>
      <span class='ocrx_word' id='word_1_148' title='bbox 90 745 143 766; x_wconf 91'>Sted</span>
      <span class='ocrx_word' id='word_1_149' title='bbox 158 745 165 766; x_wconf 92'>i</span>
      <span class='ocrx_word' id='word_1_150' title='bbox 178 745 224 768; x_wconf 90'>Nye</span>
      <span class='ocrx_word' id='word_1_151' title='bbox 237 744 328 771; x_wconf 92'>Holland</span>
      <span class='ocrx_word' id='word_1_152' title='bbox 346 745 371 767; x_wconf 90'>til</span>
      <span class='ocrx_word' id='word_1_153' title='bbox 389 746 420 766; x_wconf 92'>det</span>
      <span class='ocrx_word' id='word_1_154' title='bbox 438 746 507 768; x_wconf 92'>andet,</span>
      <span class='ocrx_word' id='word_1_155' title='bbox 525 745 611 771; x_wconf 91'>modsige</span>
     </span>
     <span class='ocr_line' id='line_1_20' title="bbox 38 779 611 807; baseline 0 -6; x_size 26; x_descenders 4; x_ascenders 6">
      <span class='ocrx_word' id='word_1_156' title='bbox 38 781 146 806; x_wconf 90'>hinanden.</span>
      <span class='ocrx_word' id='word_1_157' title='bbox 178 780 228 801; x_wconf 92'>Saa</span>
      <span class='ocrx_word' id='word_1_158' title='bbox 244 779 314 806; x_wconf 92'>skriver</span>
      <span class='ocrx_word' id='word_1_159' title='bbox 332 780 411 804; x_wconf 89'>Breton</span>
      <span class='ocrx_word' id='word_1_160' title='bbox 428 781 482 807; x_wconf 91'>Pag.</span>
      <span class='ocrx_word' id='word_1_161' title='bbox 496 785 535 805; x_wconf 89'>34:</span>
      <span class='ocrx_word' id='word_1_162' title='bbox 554 781 611 806; x_wconf 79'>»Jeg</span>
     </span>
     <span class='ocr_line' id='line_1_21' title="bbox 39 815 612 842; baseline 0 -5; x_size 26; x_descenders 4; x_ascenders 6">
      <span class='ocrx_word' id='word_1_163' title='bbox 39 820 75 837; x_wconf 92'>var</span>
      <span class='ocrx_word' id='word_1_164' title='bbox 89 816 96 837; x_wconf 91'>i</span>
      <span class='ocrx_word' id='word_1_165' title='bbox 111 816 159 840; x_wconf 92'>Syd</span>
      <span class='ocrx_word' id='word_1_166' title='bbox 173 815 245 837; x_wconf 89'>Wales</span>
      <span class='ocrx_word' id='word_1_167' title='bbox 260 821 284 842; x_wconf 92'>og</span>
      <span class='ocrx_word' id='word_1_168' title='bbox 302 821 342 836; x_wconf 93'>van</span>
      <span class='ocrx_word' id='word_1_169' title='bbox 359 816 460 838; x_wconf 92'>Diemens</span>
      <span class='ocrx_word' id='word_1_170' title='bbox 478 817 533 838; x_wconf 92'>Land</span>
      <span class='ocrx_word' id='word_1_171' title='bbox 553 819 612 840; x_wconf 92'>1830.</span>
     </span>
     <span class='ocr_line' id='line_1_22' title="bbox 40 851 613 878; baseline 0 -6; x_size 25; x_descenders 4; x_ascenders 6">
      <span class='ocrx_word' id='word_1_172' title='bbox 40 852 210 878; x_wconf 92'>Indberetninger</span>
      <span class='ocrx_word' id='word_1_173' title='bbox 224 851 256 876; x_wconf 92'>fra</span>
      <span class='ocrx_word' id='word_1_174' title='bbox 270 852 307 873; x_wconf 92'>alle</span>
      <span class='ocrx_word' id='word_1_175' title='bbox 321 852 373 874; x_wconf 92'>Dele</span>
      <span class='ocrx_word' id='word_1_176' title='bbox 388 852 410 877; x_wconf 92'>af</span>
      <span class='ocrx_word' id='word_1_177' title='bbox 428 852 504 874; x_wconf 93'>Landet</span>
      <span class='ocrx_word' id='word_1_178' title='bbox 523 851 613 875; x_wconf 92'>indløbe,</span>
     </span>
     <span class='ocr_line' id='line_1_23' title="bbox 41 886 615 913; baseline 0 -5; x_size 26; x_descenders 5; x_ascenders 6">
      <span class='ocrx_word' id='word_1_179' title='bbox 41 888 62 908; x_wconf 91'>at</span>
      <span class='ocrx_word' id='word_1_180' title='bbox 77 886 209 912; x_wconf 91'>Colonisterne</span>
      <span class='ocrx_word' id='word_1_181' title='bbox 217 888 319 913; x_wconf 92'>manglede</span>
      <span class='ocrx_word' id='word_1_182' title='bbox 327 888 363 908; x_wconf 92'>alle</span>
      <span class='ocrx_word' id='word_1_183' title='bbox 381 887 447 909; x_wconf 92'>Livets</span>
      <span class='ocrx_word' id='word_1_184' title='bbox 461 887 615 913; x_wconf 92'>Nødvendighe-</span>
     </span>
     <span class='ocr_line' id='line_1_24' title="bbox 42 921 614 949; baseline 0 -5; x_size 27; x_descenders 5; x_ascenders 7">
      <span class='ocrx_word' id='word_1_185' title='bbox 42 923 82 944; x_wconf 85'>der.</span>
      <span class='ocrx_word' id='word_1_186' title='bbox 96 923 163 948; x_wconf 92'>Netop</span>
      <span class='ocrx_word' id='word_1_187' title='bbox 171 927 209 948; x_wconf 92'>paa</span>
      <span class='ocrx_word' id='word_1_188' title='bbox 218 921 289 946; x_wconf 91'>samme</span>
      <span class='ocrx_word' id='word_1_189' title='bbox 297 923 335 944; x_wconf 92'>Tid</span>
      <span class='ocrx_word' id='word_1_190' title='bbox 344 922 394 948; x_wconf 92'>læste</span>
      <span class='ocrx_word' id='word_1_191' title='bbox 403 922 433 949; x_wconf 93'>jeg</span>
      <span class='ocrx_word' id='word_1_192' title='bbox 450 925 468 944; x_wconf 92'>et</span>
      <span class='ocrx_word' id='word_1_193' title='bbox 476 922 545 944; x_wconf 72'>Brevi</span>
      <span class='ocrx_word' id='word_1_194' title='bbox 561 922 614 944; x_wconf 91'>Sid-</span>
     </span>
     <span class='ocr_line' id='line_1_25' title="bbox 41 957 615 981; baseline 0.002 -3; x_size 26.541304; x_descenders 5.5413036; x_ascenders 5">
      <span class='ocrx_word' id='word_1_195' title='bbox 41 961 81 980; x_wconf 92'>ney</span>
      <span class='ocrx_word' id='word_1_196' title='bbox 100 957 130 979; x_wconf 92'>fra</span>
      <span class='ocrx_word' id='word_1_197' title='bbox 150 963 174 978; x_wconf 93'>en</span>
      <span class='ocrx_word' id='word_1_198' title='bbox 194 958 261 979; x_wconf 91'>Mand</span>
      <span class='ocrx_word' id='word_1_199' title='bbox 282 958 290 979; x_wconf 93'>i</span>
      <span class='ocrx_word' id='word_1_200' title='bbox 307 963 346 979; x_wconf 92'>van</span>
      <span class='ocrx_word' id='word_1_201' title='bbox 365 958 466 981; x_wconf 92'>Diemens</span>
      <span class='ocrx_word' id='word_1_202' title='bbox 480 958 534 980; x_wconf 92'>Land</span>
      <span class='ocrx_word' id='word_1_203' title='bbox 556 958 581 980; x_wconf 83'>til</span>
      <span class='ocrx_word' id='word_1_204' title='bbox 591 963 615 979; x_wconf 83'>en</span>
     </span>
     <span class='ocr_line' id='line_1_26' title="bbox 43 992 616 1018; baseline 0.003 -6; x_size 27.541304; x_descenders 5.5413036; x_ascenders 6">
      <span class='ocrx_word' id='word_1_205' title='bbox 43 992 96 1017; x_wconf 92'>hans</span>
      <span class='ocrx_word' id='word_1_206' title='bbox 111 992 179 1015; x_wconf 92'>Ven</span>
      <span class='ocrx_word' id='word_1_207' title='bbox 156 988 185 1025; x_wconf 93'>i</span>
      <span class='ocrx_word' id='word_1_208' title='bbox 199 993 289 1018; x_wconf 92'>Sidney,</span>
      <span class='ocrx_word' id='word_1_209' title='bbox 308 994 363 1018; x_wconf 92'>hvori</span>
      <span class='ocrx_word' id='word_1_210' title='bbox 382 994 420 1017; x_wconf 91'>han</span>
      <span class='ocrx_word' id='word_1_211' title='bbox 440 994 524 1015; x_wconf 87'>melder:</span>
      <span class='ocrx_word' id='word_1_212' title='bbox 554 993 616 1015; x_wconf 53'>»»Vi</span>
     </span>
     <span class='ocr_line' id='line_1_27' title="bbox 44 1027 617 1055; baseline 0.002 -6; x_size 25; x_descenders 4; x_ascenders 5">
      <span class='ocrx_word' id='word_1_213' title='bbox 44 1028 94 1053; x_wconf 91'>have</span>
      <span class='ocrx_word' id='word_1_214' title='bbox 107 1027 143 1053; x_wconf 88'>slet</span>
      <span class='ocrx_word' id='word_1_215' title='bbox 157 1029 216 1055; x_wconf 91'>ingen</span>
      <span class='ocrx_word' id='word_1_216' title='bbox 231 1030 317 1055; x_wconf 88'>Mangel</span>
      <span class='ocrx_word' id='word_1_217' title='bbox 331 1034 371 1055; x_wconf 90'>paa</span>
      <span class='ocrx_word' id='word_1_218' title='bbox 385 1030 495 1054; x_wconf 89'>Fødevarer</span>
      <span class='ocrx_word' id='word_1_219' title='bbox 511 1030 551 1054; x_wconf 92'>her,</span>
      <span class='ocrx_word' id='word_1_220' title='bbox 565 1030 617 1050; x_wconf 92'>und-</span>
     </span>
     <span class='ocr_line' id='line_1_28' title="bbox 44 1064 618 1090; baseline 0.003 -7; x_size 26; x_descenders 5; x_ascenders 5">
      <span class='ocrx_word' id='word_1_221' title='bbox 44 1066 106 1089; x_wconf 92'>tagen</span>
      <span class='ocrx_word' id='word_1_222' title='bbox 120 1068 160 1089; x_wconf 92'>paa</span>
      <span class='ocrx_word' id='word_1_223' title='bbox 176 1064 328 1090; x_wconf 91'>Ingredientser</span>
      <span class='ocrx_word' id='word_1_224' title='bbox 351 1065 375 1086; x_wconf 92'>til</span>
      <span class='ocrx_word' id='word_1_225' title='bbox 396 1064 505 1090; x_wconf 88'>Fiskesous,</span>
      <span class='ocrx_word' id='word_1_226' title='bbox 527 1064 572 1089; x_wconf 91'>send</span>
      <span class='ocrx_word' id='word_1_227' title='bbox 594 1066 618 1085; x_wconf 90'>os</span>
     </span>
     <span class='ocr_line' id='line_1_29' title="bbox 46 1098 617 1126; baseline 0.002 -7; x_size 27; x_descenders 6; x_ascenders 5">
      <span class='ocrx_word' id='word_1_228' title='bbox 46 1098 105 1122; x_wconf 92'>disse,</span>
      <span class='ocrx_word' id='word_1_229' title='bbox 120 1099 142 1119; x_wconf 93'>de</span>
      <span class='ocrx_word' id='word_1_230' title='bbox 156 1098 207 1120; x_wconf 93'>vilde</span>
      <span class='ocrx_word' id='word_1_231' title='bbox 221 1099 275 1125; x_wconf 90'>finde</span>
      <span class='ocrx_word' id='word_1_232' title='bbox 289 1101 327 1126; x_wconf 90'>god</span>
      <span class='ocrx_word' id='word_1_233' title='bbox 346 1100 500 1126; x_wconf 83'>Afsætning.»»»</span>
      <span class='ocrx_word' id='word_1_234' title='bbox 520 1110 547 1114; x_wconf 89'>–</span>
      <span class='ocrx_word' id='word_1_235' title='bbox 568 1099 617 1121; x_wconf 77'>»En</span>
     </span>
     <span class='ocr_line' id='line_1_30' title="bbox 47 1133 620 1160; baseline 0.003 -6; x_size 26; x_descenders 4; x_ascenders 6">
      <span class='ocrx_word' id='word_1_236' title='bbox 47 1133 170 1155; x_wconf 92'>Gentleman</span>
      <span class='ocrx_word' id='word_1_237' title='bbox 184 1134 226 1155; x_wconf 92'>kom</span>
      <span class='ocrx_word' id='word_1_238' title='bbox 240 1136 271 1160; x_wconf 92'>fra</span>
      <span class='ocrx_word' id='word_1_239' title='bbox 285 1140 324 1156; x_wconf 93'>van</span>
      <span class='ocrx_word' id='word_1_240' title='bbox 333 1136 433 1158; x_wconf 92'>Diemens</span>
      <span class='ocrx_word' id='word_1_241' title='bbox 445 1135 508 1157; x_wconf 91'>Land,</span>
      <span class='ocrx_word' id='word_1_242' title='bbox 523 1135 620 1160; x_wconf 91'>forsikkre-</span>
     </span>
     <span class='ocr_line' id='line_1_31' title="bbox 48 1170 620 1197; baseline 0.003 -7; x_size 27; x_descenders 5; x_ascenders 6">
      <span class='ocrx_word' id='word_1_243' title='bbox 48 1170 79 1193; x_wconf 92'>de,</span>
      <span class='ocrx_word' id='word_1_244' title='bbox 95 1171 115 1190; x_wconf 93'>at</span>
      <span class='ocrx_word' id='word_1_245' title='bbox 130 1170 163 1191; x_wconf 91'>der</span>
      <span class='ocrx_word' id='word_1_246' title='bbox 176 1173 212 1190; x_wconf 92'>var</span>
      <span class='ocrx_word' id='word_1_247' title='bbox 227 1170 244 1192; x_wconf 91'>ei</span>
      <span class='ocrx_word' id='word_1_248' title='bbox 259 1173 277 1192; x_wconf 91'>et</span>
      <span class='ocrx_word' id='word_1_249' title='bbox 291 1172 351 1197; x_wconf 92'>grønt</span>
      <span class='ocrx_word' id='word_1_250' title='bbox 365 1171 420 1193; x_wconf 92'>Blad</span>
      <span class='ocrx_word' id='word_1_251' title='bbox 435 1171 480 1192; x_wconf 92'>eller</span>
      <span class='ocrx_word' id='word_1_252' title='bbox 494 1170 620 1197; x_wconf 91'>Græsstraae</span>
     </span>
    </p>
   </div>
  </div>
 </body>
</html>
