<?xml version="1.0" encoding="UTF-8"?>
<!DOCTYPE html PUBLIC "-//W3C//DTD XHTML 1.0 Transitional//EN"
    "http://www.w3.org/TR/xhtml1/DTD/xhtml1-transitional.dtd">
<html xmlns="http://www.w3.org/1999/xhtml" xml:lang="en" lang="en">
 <head>
  <title></title>
  <meta http-equiv="Content-Type" content="text/html;charset=utf-8"/>
  <meta name='ocr-system' content='tesseract 4.1.0' />
  <meta name='ocr-capabilities' content='ocr_page ocr_carea ocr_par ocr_line ocrx_word ocrp_wconf'/>
 </head>
 <body>
  <div class='ocr_page' id='page_1' title='image "/tmp/tess_rpgftrlw.JPEG"; bbox 0 0 680 1310; ppageno 0'>
   <div class='ocr_carea' id='block_1_1' title="bbox 34 57 612 124">
    <p class='ocr_par' id='par_1_1' lang='nor-frak' title="bbox 34 57 612 124">
     <span class='ocr_line' id='line_1_1' title="bbox 34 57 612 124; baseline 0 1186; x_size 85; x_descenders 21.25; x_ascenders 21.25">
      <span class='ocrx_word' id='word_1_1' title='bbox 34 57 612 124; x_wconf 95'> </span>
     </span>
    </p>
   </div>
   <div class='ocr_carea' id='block_1_2' title="bbox 47 468 639 1202">
    <p class='ocr_par' id='par_1_2' lang='nor-frak' title="bbox 47 468 639 1202">
     <span class='ocr_line' id='line_1_2' title="bbox 47 468 621 529; baseline -0.01 -6.99; x_size 26; x_descenders 4; x_ascenders 6">
      <span class='ocrx_word' id='word_1_2' title='bbox 47 468 165 529; x_wconf 0'>WRiong</span>
      <span class='ocrx_word' id='word_1_3' title='bbox 180 499 237 524; x_wconf 92'>Reise</span>
      <span class='ocrx_word' id='word_1_4' title='bbox 252 499 282 526; x_wconf 93'>gik</span>
      <span class='ocrx_word' id='word_1_5' title='bbox 296 498 342 525; x_wconf 92'>først</span>
      <span class='ocrx_word' id='word_1_6' title='bbox 357 497 381 520; x_wconf 91'>til</span>
      <span class='ocrx_word' id='word_1_7' title='bbox 396 496 512 522; x_wconf 91'>Swanbay,</span>
      <span class='ocrx_word' id='word_1_8' title='bbox 529 496 568 524; x_wconf 91'>vest</span>
      <span class='ocrx_word' id='word_1_9' title='bbox 581 501 621 524; x_wconf 93'>paa</span>
     </span>
     <span class='ocr_line' id='line_1_3' title="bbox 49 533 621 563; baseline -0.009 -5; x_size 28; x_descenders 7; x_ascenders 5">
      <span class='ocrx_word' id='word_1_10' title='bbox 49 536 191 563; x_wconf 90'>Ny-Holland.</span>
      <span class='ocrx_word' id='word_1_11' title='bbox 219 536 282 563; x_wconf 92'>Hans</span>
      <span class='ocrx_word' id='word_1_12' title='bbox 296 536 352 556; x_wconf 92'>Tour</span>
      <span class='ocrx_word' id='word_1_13' title='bbox 366 534 390 555; x_wconf 92'>til</span>
      <span class='ocrx_word' id='word_1_14' title='bbox 405 539 429 560; x_wconf 92'>og</span>
      <span class='ocrx_word' id='word_1_15' title='bbox 444 534 475 558; x_wconf 92'>fra</span>
      <span class='ocrx_word' id='word_1_16' title='bbox 485 533 621 560; x_wconf 92'>Ny-Holland</span>
     </span>
     <span class='ocr_line' id='line_1_4' title="bbox 51 569 623 595; baseline -0.007 -3; x_size 26; x_descenders 5; x_ascenders 6">
      <span class='ocrx_word' id='word_1_17' title='bbox 51 576 87 592; x_wconf 92'>var</span>
      <span class='ocrx_word' id='word_1_18' title='bbox 103 571 172 592; x_wconf 92'>blandt</span>
      <span class='ocrx_word' id='word_1_19' title='bbox 189 572 211 591; x_wconf 93'>de</span>
      <span class='ocrx_word' id='word_1_20' title='bbox 229 576 256 591; x_wconf 93'>nu</span>
      <span class='ocrx_word' id='word_1_21' title='bbox 275 570 312 592; x_wconf 93'>ikke</span>
      <span class='ocrx_word' id='word_1_22' title='bbox 328 570 361 594; x_wconf 92'>faa</span>
      <span class='ocrx_word' id='word_1_23' title='bbox 381 569 464 595; x_wconf 90'>heldige,</span>
      <span class='ocrx_word' id='word_1_24' title='bbox 483 574 496 593; x_wconf 92'>4</span>
      <span class='ocrx_word' id='word_1_25' title='bbox 510 569 623 590; x_wconf 92'>Maaneder</span>
     </span>
     <span class='ocr_line' id='line_1_5' title="bbox 52 604 624 633; baseline -0.005 -6; x_size 27; x_descenders 5; x_ascenders 7">
      <span class='ocrx_word' id='word_1_26' title='bbox 52 607 110 631; x_wconf 92'>frem,</span>
      <span class='ocrx_word' id='word_1_27' title='bbox 126 612 150 633; x_wconf 92'>og</span>
      <span class='ocrx_word' id='word_1_28' title='bbox 164 612 176 631; x_wconf 92'>4</span>
      <span class='ocrx_word' id='word_1_29' title='bbox 195 605 275 632; x_wconf 90'>tilbage.</span>
      <span class='ocrx_word' id='word_1_30' title='bbox 308 606 361 627; x_wconf 84'>Man</span>
      <span class='ocrx_word' id='word_1_31' title='bbox 380 610 426 625; x_wconf 92'>maa</span>
      <span class='ocrx_word' id='word_1_32' title='bbox 443 609 472 625; x_wconf 93'>nu</span>
      <span class='ocrx_word' id='word_1_33' title='bbox 491 604 538 628; x_wconf 92'>have</span>
      <span class='ocrx_word' id='word_1_34' title='bbox 553 604 624 629; x_wconf 92'>fundet</span>
     </span>
     <span class='ocr_line' id='line_1_6' title="bbox 52 638 625 669; baseline -0.009 -5; x_size 25; x_descenders 4; x_ascenders 7">
      <span class='ocrx_word' id='word_1_35' title='bbox 52 645 81 664; x_wconf 92'>ret</span>
      <span class='ocrx_word' id='word_1_36' title='bbox 96 643 161 664; x_wconf 92'>Cours</span>
      <span class='ocrx_word' id='word_1_37' title='bbox 176 645 197 663; x_wconf 92'>at</span>
      <span class='ocrx_word' id='word_1_38' title='bbox 215 642 258 669; x_wconf 91'>søge</span>
      <span class='ocrx_word' id='word_1_39' title='bbox 273 641 400 666; x_wconf 91'>Passaterne.</span>
      <span class='ocrx_word' id='word_1_40' title='bbox 433 646 472 665; x_wconf 92'>400</span>
      <span class='ocrx_word' id='word_1_41' title='bbox 487 640 542 666; x_wconf 92'>Spd.</span>
      <span class='ocrx_word' id='word_1_42' title='bbox 560 638 625 664; x_wconf 92'>Norsk</span>
     </span>
     <span class='ocr_line' id='line_1_7' title="bbox 53 676 627 704; baseline -0.007 -5; x_size 25; x_descenders 4; x_ascenders 6">
      <span class='ocrx_word' id='word_1_43' title='bbox 53 679 83 704; x_wconf 91'>for</span>
      <span class='ocrx_word' id='word_1_44' title='bbox 95 679 144 699; x_wconf 92'>Koie</span>
      <span class='ocrx_word' id='word_1_45' title='bbox 159 679 166 699; x_wconf 91'>i</span>
      <span class='ocrx_word' id='word_1_46' title='bbox 178 679 287 702; x_wconf 92'>Kahytten,</span>
      <span class='ocrx_word' id='word_1_47' title='bbox 302 683 340 697; x_wconf 90'>200</span>
      <span class='ocrx_word' id='word_1_48' title='bbox 351 677 406 701; x_wconf 91'>Spd.</span>
      <span class='ocrx_word' id='word_1_49' title='bbox 422 677 451 700; x_wconf 92'>for</span>
      <span class='ocrx_word' id='word_1_50' title='bbox 466 676 516 697; x_wconf 92'>ditto</span>
      <span class='ocrx_word' id='word_1_51' title='bbox 531 676 537 697; x_wconf 92'>i</span>
      <span class='ocrx_word' id='word_1_52' title='bbox 550 676 627 697; x_wconf 91'>Stern-</span>
     </span>
     <span class='ocr_line' id='line_1_8' title="bbox 54 711 627 738; baseline -0.007 -3; x_size 26; x_descenders 5; x_ascenders 6">
      <span class='ocrx_word' id='word_1_53' title='bbox 54 714 125 735; x_wconf 90'>Cabin.</span>
      <span class='ocrx_word' id='word_1_54' title='bbox 153 719 205 738; x_wconf 9'>Zooo</span>
      <span class='ocrx_word' id='word_1_55' title='bbox 225 719 254 734; x_wconf 93'>ere</span>
      <span class='ocrx_word' id='word_1_56' title='bbox 273 719 300 734; x_wconf 92'>nu</span>
      <span class='ocrx_word' id='word_1_57' title='bbox 315 712 449 737; x_wconf 89'>Colonisterne</span>
      <span class='ocrx_word' id='word_1_58' title='bbox 463 712 470 733; x_wconf 92'>i</span>
      <span class='ocrx_word' id='word_1_59' title='bbox 484 711 627 737; x_wconf 90'>Ny-Holland.</span>
     </span>
     <span class='ocr_line' id='line_1_9' title="bbox 54 748 627 775; baseline -0.007 -5; x_size 27; x_descenders 6; x_ascenders 6">
      <span class='ocrx_word' id='word_1_60' title='bbox 54 750 112 771; x_wconf 92'>Naar</span>
      <span class='ocrx_word' id='word_1_61' title='bbox 127 749 190 770; x_wconf 92'>Skibe</span>
      <span class='ocrx_word' id='word_1_62' title='bbox 205 749 261 774; x_wconf 92'>skulle</span>
      <span class='ocrx_word' id='word_1_63' title='bbox 276 749 346 775; x_wconf 92'>afgaae</span>
      <span class='ocrx_word' id='word_1_64' title='bbox 360 749 384 769; x_wconf 92'>til</span>
      <span class='ocrx_word' id='word_1_65' title='bbox 394 748 537 774; x_wconf 90'>Ny-Holland,</span>
      <span class='ocrx_word' id='word_1_66' title='bbox 553 748 577 768; x_wconf 91'>da</span>
      <span class='ocrx_word' id='word_1_67' title='bbox 592 748 627 768; x_wconf 92'>ud-</span>
     </span>
     <span class='ocr_line' id='line_1_10' title="bbox 57 782 629 810; baseline -0.003 -5; x_size 27; x_descenders 6; x_ascenders 6">
      <span class='ocrx_word' id='word_1_68' title='bbox 57 785 128 807; x_wconf 91'>basune</span>
      <span class='ocrx_word' id='word_1_69' title='bbox 144 785 179 803; x_wconf 87'>the</span>
      <span class='ocrx_word' id='word_1_70' title='bbox 192 788 267 809; x_wconf 86'>agents</span>
      <span class='ocrx_word' id='word_1_71' title='bbox 281 791 300 804; x_wconf 10'>o0.</span>
      <span class='ocrx_word' id='word_1_72' title='bbox 320 784 407 810; x_wconf 92'>ventelig</span>
      <span class='ocrx_word' id='word_1_73' title='bbox 427 783 605 809; x_wconf 88'>Skibsmæglerne,</span>
      <span class='ocrx_word' id='word_1_74' title='bbox 621 782 629 803; x_wconf 92'>i</span>
     </span>
     <span class='ocr_line' id='line_1_11' title="bbox 56 818 630 846; baseline -0.005 -4; x_size 25; x_descenders 4; x_ascenders 6">
      <span class='ocrx_word' id='word_1_75' title='bbox 56 821 151 842; x_wconf 92'>Londons</span>
      <span class='ocrx_word' id='word_1_76' title='bbox 165 820 240 845; x_wconf 92'>Aviser,</span>
      <span class='ocrx_word' id='word_1_77' title='bbox 258 821 287 845; x_wconf 92'>for</span>
      <span class='ocrx_word' id='word_1_78' title='bbox 299 823 320 841; x_wconf 92'>at</span>
      <span class='ocrx_word' id='word_1_79' title='bbox 336 820 379 844; x_wconf 93'>faae</span>
      <span class='ocrx_word' id='word_1_80' title='bbox 392 819 411 844; x_wconf 92'>jo</span>
      <span class='ocrx_word' id='word_1_81' title='bbox 424 820 468 846; x_wconf 92'>flere</span>
      <span class='ocrx_word' id='word_1_82' title='bbox 481 819 500 843; x_wconf 93'>jo</span>
      <span class='ocrx_word' id='word_1_83' title='bbox 512 818 567 839; x_wconf 92'>bedre</span>
      <span class='ocrx_word' id='word_1_84' title='bbox 576 819 630 842; x_wconf 91'>Pas-</span>
     </span>
     <span class='ocr_line' id='line_1_12' title="bbox 58 854 632 882; baseline -0.003 -6; x_size 26; x_descenders 5; x_ascenders 6">
      <span class='ocrx_word' id='word_1_85' title='bbox 58 856 142 882; x_wconf 90'>sagerer,</span>
      <span class='ocrx_word' id='word_1_86' title='bbox 157 856 203 880; x_wconf 90'>hvor</span>
      <span class='ocrx_word' id='word_1_87' title='bbox 217 858 263 882; x_wconf 90'>godt</span>
      <span class='ocrx_word' id='word_1_88' title='bbox 278 861 323 876; x_wconf 92'>man</span>
      <span class='ocrx_word' id='word_1_89' title='bbox 337 856 372 879; x_wconf 92'>har</span>
      <span class='ocrx_word' id='word_1_90' title='bbox 391 857 422 876; x_wconf 92'>det</span>
      <span class='ocrx_word' id='word_1_91' title='bbox 437 854 525 878; x_wconf 92'>ombord,</span>
      <span class='ocrx_word' id='word_1_92' title='bbox 544 854 584 879; x_wconf 91'>som</span>
      <span class='ocrx_word' id='word_1_93' title='bbox 599 858 632 874; x_wconf 93'>om</span>
     </span>
     <span class='ocr_line' id='line_1_13' title="bbox 61 890 632 916; baseline -0.005 -3; x_size 27; x_descenders 6; x_ascenders 6">
      <span class='ocrx_word' id='word_1_94' title='bbox 61 897 108 913; x_wconf 93'>man</span>
      <span class='ocrx_word' id='word_1_95' title='bbox 123 896 157 912; x_wconf 92'>var</span>
      <span class='ocrx_word' id='word_1_96' title='bbox 175 892 182 913; x_wconf 93'>i</span>
      <span class='ocrx_word' id='word_1_97' title='bbox 200 892 311 915; x_wconf 92'>Abrahams</span>
      <span class='ocrx_word' id='word_1_98' title='bbox 331 891 405 915; x_wconf 90'>Skjød.</span>
      <span class='ocrx_word' id='word_1_99' title='bbox 438 891 500 913; x_wconf 63'>»Den</span>
      <span class='ocrx_word' id='word_1_100' title='bbox 517 890 583 916; x_wconf 92'>Agent</span>
      <span class='ocrx_word' id='word_1_101' title='bbox 602 890 632 915; x_wconf 91'>for</span>
     </span>
     <span class='ocr_line' id='line_1_14' title="bbox 62 926 633 954; baseline -0.005 -6; x_size 27; x_descenders 6; x_ascenders 6">
      <span class='ocrx_word' id='word_1_102' title='bbox 62 929 94 949; x_wconf 92'>det</span>
      <span class='ocrx_word' id='word_1_103' title='bbox 109 927 168 950; x_wconf 92'>Skib,</span>
      <span class='ocrx_word' id='word_1_104' title='bbox 185 927 216 954; x_wconf 92'>jeg</span>
      <span class='ocrx_word' id='word_1_105' title='bbox 233 928 319 954; x_wconf 90'>fulgte,»</span>
      <span class='ocrx_word' id='word_1_106' title='bbox 334 927 404 952; x_wconf 90'>skriver</span>
      <span class='ocrx_word' id='word_1_107' title='bbox 419 927 505 949; x_wconf 85'>Breton,</span>
      <span class='ocrx_word' id='word_1_108' title='bbox 522 926 575 952; x_wconf 77'>»gav</span>
      <span class='ocrx_word' id='word_1_109' title='bbox 592 926 633 952; x_wconf 91'>mig</span>
     </span>
     <span class='ocr_line' id='line_1_15' title="bbox 62 961 634 989; baseline -0.005 -5; x_size 27; x_descenders 6; x_ascenders 7">
      <span class='ocrx_word' id='word_1_110' title='bbox 62 963 85 989; x_wconf 91'>sit</span>
      <span class='ocrx_word' id='word_1_111' title='bbox 99 963 193 984; x_wconf 92'>Æresord</span>
      <span class='ocrx_word' id='word_1_112' title='bbox 212 968 251 987; x_wconf 91'>paa</span>
      <span class='ocrx_word' id='word_1_113' title='bbox 270 963 317 987; x_wconf 92'>hvor</span>
      <span class='ocrx_word' id='word_1_114' title='bbox 335 962 460 985; x_wconf 91'>comfortable</span>
      <span class='ocrx_word' id='word_1_115' title='bbox 480 968 500 981; x_wconf 0'>0.</span>
      <span class='ocrx_word' id='word_1_116' title='bbox 519 961 590 987; x_wconf 91'>herligt</span>
      <span class='ocrx_word' id='word_1_117' title='bbox 610 967 634 987; x_wconf 90'>og</span>
     </span>
     <span class='ocr_line' id='line_1_16' title="bbox 64 997 635 1024; baseline -0.005 -4; x_size 26; x_descenders 5; x_ascenders 6">
      <span class='ocrx_word' id='word_1_118' title='bbox 64 999 213 1024; x_wconf 88'>begvemmeligt</span>
      <span class='ocrx_word' id='word_1_119' title='bbox 231 998 261 1024; x_wconf 92'>jeg</span>
      <span class='ocrx_word' id='word_1_120' title='bbox 276 998 340 1024; x_wconf 89'>skulde</span>
      <span class='ocrx_word' id='word_1_121' title='bbox 359 998 407 1022; x_wconf 91'>have</span>
      <span class='ocrx_word' id='word_1_122' title='bbox 422 999 453 1019; x_wconf 92'>det</span>
      <span class='ocrx_word' id='word_1_123' title='bbox 468 997 547 1018; x_wconf 88'>ombord</span>
      <span class='ocrx_word' id='word_1_124' title='bbox 561 1007 587 1011; x_wconf 88'>–</span>
      <span class='ocrx_word' id='word_1_125' title='bbox 602 997 635 1022; x_wconf 91'>gid</span>
     </span>
     <span class='ocr_line' id='line_1_17' title="bbox 65 1032 637 1058; baseline -0.005 -2; x_size 25; x_descenders 4; x_ascenders 6">
      <span class='ocrx_word' id='word_1_126' title='bbox 65 1035 105 1058; x_wconf 92'>han</span>
      <span class='ocrx_word' id='word_1_127' title='bbox 120 1033 152 1058; x_wconf 92'>saa</span>
      <span class='ocrx_word' id='word_1_128' title='bbox 166 1034 234 1056; x_wconf 91'>trives,</span>
      <span class='ocrx_word' id='word_1_129' title='bbox 250 1034 290 1057; x_wconf 92'>som</span>
      <span class='ocrx_word' id='word_1_130' title='bbox 304 1034 343 1057; x_wconf 92'>han</span>
      <span class='ocrx_word' id='word_1_131' title='bbox 359 1034 413 1058; x_wconf 92'>holdt</span>
      <span class='ocrx_word' id='word_1_132' title='bbox 429 1033 451 1058; x_wconf 92'>sit</span>
      <span class='ocrx_word' id='word_1_133' title='bbox 460 1032 569 1054; x_wconf 91'>Æresord!</span>
      <span class='ocrx_word' id='word_1_134' title='bbox 597 1032 637 1054; x_wconf 92'>Thi</span>
     </span>
     <span class='ocr_line' id='line_1_18' title="bbox 65 1067 637 1095; baseline -0.005 -4; x_size 27; x_descenders 5; x_ascenders 6">
      <span class='ocrx_word' id='word_1_135' title='bbox 65 1071 101 1091; x_wconf 92'>ved</span>
      <span class='ocrx_word' id='word_1_136' title='bbox 115 1069 209 1090; x_wconf 91'>bedærvet</span>
      <span class='ocrx_word' id='word_1_137' title='bbox 221 1069 282 1093; x_wconf 92'>Kjød,</span>
      <span class='ocrx_word' id='word_1_138' title='bbox 300 1069 367 1095; x_wconf 91'>Flæsk,</span>
      <span class='ocrx_word' id='word_1_139' title='bbox 384 1070 441 1091; x_wconf 92'>Brød</span>
      <span class='ocrx_word' id='word_1_140' title='bbox 456 1074 487 1092; x_wconf 9'>ic.,</span>
      <span class='ocrx_word' id='word_1_141' title='bbox 501 1068 545 1089; x_wconf 93'>blev</span>
      <span class='ocrx_word' id='word_1_142' title='bbox 557 1067 637 1088; x_wconf 92'>ombord</span>
     </span>
     <span class='ocr_line' id='line_1_19' title="bbox 66 1103 638 1131; baseline -0.003 -5; x_size 26; x_descenders 6; x_ascenders 5">
      <span class='ocrx_word' id='word_1_143' title='bbox 66 1106 121 1130; x_wconf 91'>saare</span>
      <span class='ocrx_word' id='word_1_144' title='bbox 141 1106 173 1126; x_wconf 91'>vel</span>
      <span class='ocrx_word' id='word_1_145' title='bbox 190 1105 252 1131; x_wconf 90'>sørget</span>
      <span class='ocrx_word' id='word_1_146' title='bbox 271 1105 308 1130; x_wconf 90'>for,</span>
      <span class='ocrx_word' id='word_1_147' title='bbox 329 1107 349 1125; x_wconf 92'>at</span>
      <span class='ocrx_word' id='word_1_148' title='bbox 366 1105 426 1130; x_wconf 91'>ingen</span>
      <span class='ocrx_word' id='word_1_149' title='bbox 440 1104 551 1129; x_wconf 91'>Passageer</span>
      <span class='ocrx_word' id='word_1_150' title='bbox 568 1103 638 1127; x_wconf 92'>foraad</span>
     </span>
     <span class='ocr_line' id='line_1_20' title="bbox 67 1139 639 1166; baseline -0.002 -7; x_size 26; x_descenders 5; x_ascenders 6">
      <span class='ocrx_word' id='word_1_151' title='bbox 67 1141 116 1166; x_wconf 86'>sig.»</span>
      <span class='ocrx_word' id='word_1_152' title='bbox 151 1140 233 1166; x_wconf 92'>Jøvrigt</span>
      <span class='ocrx_word' id='word_1_153' title='bbox 256 1141 319 1166; x_wconf 92'>falder</span>
      <span class='ocrx_word' id='word_1_154' title='bbox 339 1141 403 1161; x_wconf 92'>Tiden</span>
      <span class='ocrx_word' id='word_1_155' title='bbox 422 1139 458 1165; x_wconf 92'>slet</span>
      <span class='ocrx_word' id='word_1_156' title='bbox 474 1139 511 1160; x_wconf 92'>ikke</span>
      <span class='ocrx_word' id='word_1_157' title='bbox 533 1140 580 1165; x_wconf 91'>lang</span>
      <span class='ocrx_word' id='word_1_158' title='bbox 600 1143 639 1164; x_wconf 91'>paa</span>
     </span>
     <span class='ocr_line' id='line_1_21' title="bbox 70 1173 638 1202; baseline -0.005 -5; x_size 26; x_descenders 4; x_ascenders 6">
      <span class='ocrx_word' id='word_1_159' title='bbox 70 1175 150 1200; x_wconf 92'>Skibet,</span>
      <span class='ocrx_word' id='word_1_160' title='bbox 165 1180 212 1197; x_wconf 92'>man</span>
      <span class='ocrx_word' id='word_1_161' title='bbox 220 1176 323 1201; x_wconf 91'>passiarer,</span>
      <span class='ocrx_word' id='word_1_162' title='bbox 338 1175 401 1202; x_wconf 92'>spiller</span>
      <span class='ocrx_word' id='word_1_163' title='bbox 410 1175 471 1198; x_wconf 92'>Skak,</span>
      <span class='ocrx_word' id='word_1_164' title='bbox 488 1174 549 1200; x_wconf 92'>læser,</span>
      <span class='ocrx_word' id='word_1_165' title='bbox 558 1174 601 1201; x_wconf 87'>gjør</span>
      <span class='ocrx_word' id='word_1_166' title='bbox 616 1173 638 1198; x_wconf 80'>si-</span>
     </span>
    </p>
   </div>
  </div>
 </body>
</html>
