<?xml version="1.0" encoding="UTF-8"?>
<!DOCTYPE html PUBLIC "-//W3C//DTD XHTML 1.0 Transitional//EN"
    "http://www.w3.org/TR/xhtml1/DTD/xhtml1-transitional.dtd">
<html xmlns="http://www.w3.org/1999/xhtml" xml:lang="en" lang="en">
 <head>
  <title></title>
  <meta http-equiv="Content-Type" content="text/html;charset=utf-8"/>
  <meta name='ocr-system' content='tesseract 4.1.0' />
  <meta name='ocr-capabilities' content='ocr_page ocr_carea ocr_par ocr_line ocrx_word ocrp_wconf'/>
 </head>
 <body>
  <div class='ocr_page' id='page_1' title='image "/tmp/tess_oyku0f5w.JPEG"; bbox 0 0 680 1310; ppageno 0'>
   <div class='ocr_carea' id='block_1_1' title="bbox 364 59 376 78">
    <p class='ocr_par' id='par_1_1' lang='nor-frak' title="bbox 364 59 376 78">
     <span class='ocr_line' id='line_1_1' title="bbox 364 59 376 78; baseline 0 0; x_size 26.666666; x_descenders 6.6666665; x_ascenders 6.6666665">
      <span class='ocrx_word' id='word_1_1' title='bbox 364 59 376 78; x_wconf 89'>6</span>
     </span>
    </p>
   </div>
   <div class='ocr_carea' id='block_1_2' title="bbox 80 111 657 317">
    <p class='ocr_par' id='par_1_2' lang='nor-frak' title="bbox 80 111 657 317">
     <span class='ocr_line' id='line_1_2' title="bbox 85 111 657 143; baseline 0.007 -10; x_size 29; x_descenders 7; x_ascenders 5">
      <span class='ocrx_word' id='word_1_2' title='bbox 85 112 106 133; x_wconf 92'>at</span>
      <span class='ocrx_word' id='word_1_3' title='bbox 120 111 148 137; x_wconf 89'>see</span>
      <span class='ocrx_word' id='word_1_4' title='bbox 163 111 170 133; x_wconf 92'>i</span>
      <span class='ocrx_word' id='word_1_5' title='bbox 185 111 225 136; x_wconf 92'>hele</span>
      <span class='ocrx_word' id='word_1_6' title='bbox 238 112 321 137; x_wconf 92'>Landet,</span>
      <span class='ocrx_word' id='word_1_7' title='bbox 336 112 376 137; x_wconf 92'>han</span>
      <span class='ocrx_word' id='word_1_8' title='bbox 389 112 450 137; x_wconf 92'>havde</span>
      <span class='ocrx_word' id='word_1_9' title='bbox 459 113 497 135; x_wconf 92'>kun</span>
      <span class='ocrx_word' id='word_1_10' title='bbox 506 113 543 139; x_wconf 90'>seet</span>
      <span class='ocrx_word' id='word_1_11' title='bbox 554 114 592 136; x_wconf 92'>den</span>
      <span class='ocrx_word' id='word_1_12' title='bbox 607 119 657 143; x_wconf 91'>nøg-</span>
     </span>
     <span class='ocr_line' id='line_1_3' title="bbox 83 147 657 175; baseline 0.002 -6; x_size 26; x_descenders 4; x_ascenders 6">
      <span class='ocrx_word' id='word_1_13' title='bbox 83 152 109 169; x_wconf 92'>ne</span>
      <span class='ocrx_word' id='word_1_14' title='bbox 123 147 262 173; x_wconf 91'>Sandstrand,</span>
      <span class='ocrx_word' id='word_1_15' title='bbox 278 154 302 175; x_wconf 92'>og</span>
      <span class='ocrx_word' id='word_1_16' title='bbox 317 149 334 170; x_wconf 92'>ei</span>
      <span class='ocrx_word' id='word_1_17' title='bbox 348 154 398 170; x_wconf 92'>mere</span>
      <span class='ocrx_word' id='word_1_18' title='bbox 413 149 435 174; x_wconf 89'>af</span>
      <span class='ocrx_word' id='word_1_19' title='bbox 441 149 548 171; x_wconf 90'>Landet!!!</span>
      <span class='ocrx_word' id='word_1_20' title='bbox 563 160 589 165; x_wconf 90'>–</span>
      <span class='ocrx_word' id='word_1_21' title='bbox 603 152 657 173; x_wconf 92'>Bre-</span>
     </span>
     <span class='ocr_line' id='line_1_4' title="bbox 82 184 656 212; baseline 0.003 -8; x_size 25; x_descenders 4; x_ascenders 6">
      <span class='ocrx_word' id='word_1_22' title='bbox 82 185 117 205; x_wconf 92'>ton</span>
      <span class='ocrx_word' id='word_1_23' title='bbox 132 184 198 211; x_wconf 90'>gjorde</span>
      <span class='ocrx_word' id='word_1_24' title='bbox 207 184 276 209; x_wconf 92'>Reiser</span>
      <span class='ocrx_word' id='word_1_25' title='bbox 291 186 326 206; x_wconf 92'>ind</span>
      <span class='ocrx_word' id='word_1_26' title='bbox 342 185 349 207; x_wconf 92'>i</span>
      <span class='ocrx_word' id='word_1_27' title='bbox 363 185 445 208; x_wconf 92'>Landet,</span>
      <span class='ocrx_word' id='word_1_28' title='bbox 454 186 511 210; x_wconf 91'>fandt</span>
      <span class='ocrx_word' id='word_1_29' title='bbox 525 191 594 212; x_wconf 91'>mange</span>
      <span class='ocrx_word' id='word_1_30' title='bbox 603 187 656 208; x_wconf 92'>Ste-</span>
     </span>
     <span class='ocr_line' id='line_1_5' title="bbox 83 220 655 248; baseline 0.007 -8; x_size 29; x_descenders 7; x_ascenders 7">
      <span class='ocrx_word' id='word_1_31' title='bbox 83 220 116 240; x_wconf 92'>der</span>
      <span class='ocrx_word' id='word_1_32' title='bbox 130 223 177 247; x_wconf 91'>gode</span>
      <span class='ocrx_word' id='word_1_33' title='bbox 193 220 258 247; x_wconf 91'>Enge,</span>
      <span class='ocrx_word' id='word_1_34' title='bbox 273 227 350 248; x_wconf 92'>grønne</span>
      <span class='ocrx_word' id='word_1_35' title='bbox 367 221 435 243; x_wconf 92'>Skove</span>
      <span class='ocrx_word' id='word_1_36' title='bbox 450 227 474 248; x_wconf 93'>og</span>
      <span class='ocrx_word' id='word_1_37' title='bbox 491 223 527 248; x_wconf 92'>god</span>
      <span class='ocrx_word' id='word_1_38' title='bbox 546 222 655 247; x_wconf 92'>Jordbund</span>
     </span>
     <span class='ocr_line' id='line_1_6' title="bbox 80 254 655 284; baseline 0.005 -7; x_size 27; x_descenders 4; x_ascenders 6">
      <span class='ocrx_word' id='word_1_39' title='bbox 80 254 150 281; x_wconf 7'>(soil).</span>
      <span class='ocrx_word' id='word_1_40' title='bbox 164 267 191 271; x_wconf 86'>–</span>
      <span class='ocrx_word' id='word_1_41' title='bbox 204 257 248 279; x_wconf 90'>Nok</span>
      <span class='ocrx_word' id='word_1_42' title='bbox 263 257 335 282; x_wconf 92'>herom,</span>
      <span class='ocrx_word' id='word_1_43' title='bbox 351 257 380 283; x_wconf 92'>thi</span>
      <span class='ocrx_word' id='word_1_44' title='bbox 400 258 452 279; x_wconf 92'>dette</span>
      <span class='ocrx_word' id='word_1_45' title='bbox 466 262 491 284; x_wconf 93'>og</span>
      <span class='ocrx_word' id='word_1_46' title='bbox 511 262 561 280; x_wconf 92'>mere</span>
      <span class='ocrx_word' id='word_1_47' title='bbox 576 264 596 280; x_wconf 92'>er</span>
      <span class='ocrx_word' id='word_1_48' title='bbox 615 259 655 281; x_wconf 91'>kun</span>
     </span>
     <span class='ocr_line' id='line_1_7' title="bbox 82 290 269 317; baseline 0.005 -4; x_size 27; x_descenders 4; x_ascenders 7">
      <span class='ocrx_word' id='word_1_49' title='bbox 82 290 113 317; x_wconf 93'>for</span>
      <span class='ocrx_word' id='word_1_50' title='bbox 128 292 228 314; x_wconf 90'>Settlers.</span>
      <span class='ocrx_word' id='word_1_51' title='bbox 243 303 269 307; x_wconf 85'>–</span>
     </span>
    </p>
   </div>
   <div class='ocr_carea' id='block_1_3' title="bbox 78 355 654 490">
    <p class='ocr_par' id='par_1_3' lang='nor-frak' title="bbox 78 355 654 490">
     <span class='ocr_line' id='line_1_8' title="bbox 134 355 654 384; baseline 0.01 -9; x_size 28; x_descenders 6; x_ascenders 7">
      <span class='ocrx_word' id='word_1_52' title='bbox 134 355 185 383; x_wconf 92'>Han</span>
      <span class='ocrx_word' id='word_1_53' title='bbox 200 356 257 381; x_wconf 92'>fandt</span>
      <span class='ocrx_word' id='word_1_54' title='bbox 273 356 309 383; x_wconf 92'>dog</span>
      <span class='ocrx_word' id='word_1_55' title='bbox 325 356 362 379; x_wconf 92'>ikke</span>
      <span class='ocrx_word' id='word_1_56' title='bbox 378 357 411 382; x_wconf 92'>faa</span>
      <span class='ocrx_word' id='word_1_57' title='bbox 426 357 554 384; x_wconf 65'>Emigranker</span>
      <span class='ocrx_word' id='word_1_58' title='bbox 569 358 590 379; x_wconf 93'>at</span>
      <span class='ocrx_word' id='word_1_59' title='bbox 610 358 654 380; x_wconf 91'>leve</span>
     </span>
     <span class='ocr_line' id='line_1_9' title="bbox 79 391 651 419; baseline 0.003 -6; x_size 25; x_descenders 4; x_ascenders 5">
      <span class='ocrx_word' id='word_1_60' title='bbox 79 392 109 413; x_wconf 92'>ret</span>
      <span class='ocrx_word' id='word_1_61' title='bbox 124 391 209 416; x_wconf 92'>fornøiet</span>
      <span class='ocrx_word' id='word_1_62' title='bbox 224 397 247 418; x_wconf 93'>og</span>
      <span class='ocrx_word' id='word_1_63' title='bbox 267 393 359 419; x_wconf 91'>lykkelige</span>
      <span class='ocrx_word' id='word_1_64' title='bbox 377 393 384 414; x_wconf 92'>i</span>
      <span class='ocrx_word' id='word_1_65' title='bbox 405 398 444 414; x_wconf 92'>van</span>
      <span class='ocrx_word' id='word_1_66' title='bbox 466 394 566 415; x_wconf 90'>Diemens</span>
      <span class='ocrx_word' id='word_1_67' title='bbox 588 394 651 416; x_wconf 90'>Land.</span>
     </span>
     <span class='ocr_line' id='line_1_10' title="bbox 80 427 652 456; baseline 0.01 -10; x_size 27; x_descenders 6; x_ascenders 5">
      <span class='ocrx_word' id='word_1_68' title='bbox 80 427 295 450; x_wconf 92'>Guvernementet</span>
      <span class='ocrx_word' id='word_1_69' title='bbox 249 423 298 460; x_wconf 92'>der</span>
      <span class='ocrx_word' id='word_1_70' title='bbox 309 434 329 450; x_wconf 92'>er</span>
      <span class='ocrx_word' id='word_1_71' title='bbox 344 429 376 455; x_wconf 92'>saa</span>
      <span class='ocrx_word' id='word_1_72' title='bbox 391 430 446 456; x_wconf 91'>godt,</span>
      <span class='ocrx_word' id='word_1_73' title='bbox 461 432 482 451; x_wconf 91'>at</span>
      <span class='ocrx_word' id='word_1_74' title='bbox 490 429 589 451; x_wconf 90'>Colonien</span>
      <span class='ocrx_word' id='word_1_75' title='bbox 605 434 652 452; x_wconf 92'>maa</span>
     </span>
     <span class='ocr_line' id='line_1_11' title="bbox 78 462 202 490; baseline 0 -7; x_size 27; x_descenders 6; x_ascenders 5">
      <span class='ocrx_word' id='word_1_76' title='bbox 78 462 153 484; x_wconf 93'>komme</span>
      <span class='ocrx_word' id='word_1_77' title='bbox 168 463 202 490; x_wconf 92'>sig.</span>
     </span>
    </p>
   </div>
   <div class='ocr_carea' id='block_1_4' title="bbox 68 526 649 1191">
    <p class='ocr_par' id='par_1_4' lang='nor-frak' title="bbox 68 526 649 1191">
     <span class='ocr_line' id='line_1_12' title="bbox 131 526 649 557; baseline 0.008 -10; x_size 27; x_descenders 4; x_ascenders 6">
      <span class='ocrx_word' id='word_1_78' title='bbox 131 526 214 553; x_wconf 92'>Sidney</span>
      <span class='ocrx_word' id='word_1_79' title='bbox 227 532 248 548; x_wconf 92'>er</span>
      <span class='ocrx_word' id='word_1_80' title='bbox 260 526 401 555; x_wconf 92'>Hovedstaden</span>
      <span class='ocrx_word' id='word_1_81' title='bbox 416 527 422 550; x_wconf 93'>i</span>
      <span class='ocrx_word' id='word_1_82' title='bbox 436 529 481 554; x_wconf 92'>Nye</span>
      <span class='ocrx_word' id='word_1_83' title='bbox 495 528 595 557; x_wconf 91'>Holland,</span>
      <span class='ocrx_word' id='word_1_84' title='bbox 610 528 649 551; x_wconf 92'>ikke</span>
     </span>
     <span class='ocr_line' id='line_1_13' title="bbox 76 560 649 591; baseline 0.01 -10; x_size 27.38431; x_descenders 5.3843093; x_ascenders 7">
      <span class='ocrx_word' id='word_1_85' title='bbox 76 560 205 586; x_wconf 91'>Paramatta.</span>
      <span class='ocrx_word' id='word_1_86' title='bbox 234 563 379 585; x_wconf 92'>Guverneuren</span>
      <span class='ocrx_word' id='word_1_87' title='bbox 389 565 432 585; x_wconf 92'>boer</span>
      <span class='ocrx_word' id='word_1_88' title='bbox 441 566 479 586; x_wconf 92'>der.</span>
      <span class='ocrx_word' id='word_1_89' title='bbox 507 566 585 587; x_wconf 91'>Breton</span>
      <span class='ocrx_word' id='word_1_90' title='bbox 596 564 649 591; x_wconf 90'>gjor-</span>
     </span>
     <span class='ocr_line' id='line_1_14' title="bbox 75 598 648 628; baseline 0.003 -9; x_size 26; x_descenders 5; x_ascenders 6">
      <span class='ocrx_word' id='word_1_91' title='bbox 75 598 98 619; x_wconf 93'>de</span>
      <span class='ocrx_word' id='word_1_92' title='bbox 112 598 157 624; x_wconf 91'>flere</span>
      <span class='ocrx_word' id='word_1_93' title='bbox 172 599 297 625; x_wconf 91'>Excursioner</span>
      <span class='ocrx_word' id='word_1_94' title='bbox 312 600 342 625; x_wconf 91'>fra</span>
      <span class='ocrx_word' id='word_1_95' title='bbox 365 601 445 625; x_wconf 92'>Sidney</span>
      <span class='ocrx_word' id='word_1_96' title='bbox 462 602 523 627; x_wconf 90'>langs</span>
      <span class='ocrx_word' id='word_1_97' title='bbox 538 600 609 626; x_wconf 91'>Kysten</span>
      <span class='ocrx_word' id='word_1_98' title='bbox 624 606 648 628; x_wconf 93'>og</span>
     </span>
     <span class='ocr_line' id='line_1_15' title="bbox 75 633 648 662; baseline 0.007 -9; x_size 27; x_descenders 6; x_ascenders 6">
      <span class='ocrx_word' id='word_1_99' title='bbox 75 633 110 654; x_wconf 92'>ind</span>
      <span class='ocrx_word' id='word_1_100' title='bbox 125 634 131 654; x_wconf 92'>i</span>
      <span class='ocrx_word' id='word_1_101' title='bbox 145 634 228 658; x_wconf 91'>Landet,</span>
      <span class='ocrx_word' id='word_1_102' title='bbox 245 636 281 661; x_wconf 92'>dog</span>
      <span class='ocrx_word' id='word_1_103' title='bbox 296 640 316 655; x_wconf 93'>er</span>
      <span class='ocrx_word' id='word_1_104' title='bbox 330 640 377 655; x_wconf 93'>man</span>
      <span class='ocrx_word' id='word_1_105' title='bbox 393 635 474 659; x_wconf 91'>hidtil</span>
      <span class='ocrx_word' id='word_1_106' title='bbox 452 629 481 666; x_wconf 91'>ei</span>
      <span class='ocrx_word' id='word_1_107' title='bbox 483 638 566 661; x_wconf 91'>længere</span>
      <span class='ocrx_word' id='word_1_108' title='bbox 574 637 648 662; x_wconf 92'>trængt</span>
     </span>
     <span class='ocr_line' id='line_1_16' title="bbox 73 668 648 698; baseline 0.003 -9; x_size 26; x_descenders 5; x_ascenders 6">
      <span class='ocrx_word' id='word_1_109' title='bbox 73 668 109 689; x_wconf 92'>ind</span>
      <span class='ocrx_word' id='word_1_110' title='bbox 124 668 130 690; x_wconf 91'>i</span>
      <span class='ocrx_word' id='word_1_111' title='bbox 144 668 220 690; x_wconf 91'>Landet</span>
      <span class='ocrx_word' id='word_1_112' title='bbox 235 672 271 691; x_wconf 92'>end</span>
      <span class='ocrx_word' id='word_1_113' title='bbox 286 669 336 693; x_wconf 92'>forbi</span>
      <span class='ocrx_word' id='word_1_114' title='bbox 351 672 372 692; x_wconf 92'>de</span>
      <span class='ocrx_word' id='word_1_115' title='bbox 387 671 484 696; x_wconf 92'>saakaldte</span>
      <span class='ocrx_word' id='word_1_116' title='bbox 501 670 557 692; x_wconf 92'>blaae</span>
      <span class='ocrx_word' id='word_1_117' title='bbox 571 671 648 698; x_wconf 92'>Bjerge</span>
     </span>
     <span class='ocr_line' id='line_1_17' title="bbox 73 703 646 733; baseline 0.007 -9; x_size 28; x_descenders 6; x_ascenders 7">
      <span class='ocrx_word' id='word_1_118' title='bbox 73 710 100 724; x_wconf 87'>20</span>
      <span class='ocrx_word' id='word_1_119' title='bbox 115 703 128 722; x_wconf 84'>4</span>
      <span class='ocrx_word' id='word_1_120' title='bbox 144 709 169 728; x_wconf 36'>Zo</span>
      <span class='ocrx_word' id='word_1_121' title='bbox 184 705 256 731; x_wconf 92'>Norske</span>
      <span class='ocrx_word' id='word_1_122' title='bbox 272 706 328 727; x_wconf 88'>Miil.</span>
      <span class='ocrx_word' id='word_1_123' title='bbox 338 706 389 733; x_wconf 92'>Han</span>
      <span class='ocrx_word' id='word_1_124' title='bbox 403 705 479 733; x_wconf 92'>besøgte</span>
      <span class='ocrx_word' id='word_1_125' title='bbox 493 707 539 733; x_wconf 92'>flere</span>
      <span class='ocrx_word' id='word_1_126' title='bbox 555 707 646 733; x_wconf 92'>adspredt</span>
     </span>
     <span class='ocr_line' id='line_1_18' title="bbox 74 740 645 768; baseline 0.004 -6; x_size 27; x_descenders 5; x_ascenders 6">
      <span class='ocrx_word' id='word_1_127' title='bbox 74 740 166 766; x_wconf 91'>liggende</span>
      <span class='ocrx_word' id='word_1_128' title='bbox 181 741 272 762; x_wconf 91'>Settlers</span>
      <span class='ocrx_word' id='word_1_129' title='bbox 288 742 423 768; x_wconf 90'>(Nybyggere)</span>
      <span class='ocrx_word' id='word_1_130' title='bbox 437 744 477 766; x_wconf 90'>der,</span>
      <span class='ocrx_word' id='word_1_131' title='bbox 493 742 532 766; x_wconf 92'>som</span>
      <span class='ocrx_word' id='word_1_132' title='bbox 547 743 583 763; x_wconf 92'>alle</span>
      <span class='ocrx_word' id='word_1_133' title='bbox 592 744 645 764; x_wconf 92'>mod-</span>
     </span>
     <span class='ocr_line' id='line_1_19' title="bbox 72 774 644 814; baseline 0.005 -18; x_size 25; x_descenders 4; x_ascenders 6">
      <span class='ocrx_word' id='word_1_134' title='bbox 72 778 117 802; x_wconf 92'>tage</span>
      <span class='ocrx_word' id='word_1_135' title='bbox 127 775 170 799; x_wconf 92'>ham</span>
      <span class='ocrx_word' id='word_1_136' title='bbox 179 778 221 797; x_wconf 92'>med</span>
      <span class='ocrx_word' id='word_1_137' title='bbox 230 776 293 802; x_wconf 91'>største</span>
      <span class='ocrx_word' id='word_1_138' title='bbox 305 778 448 803; x_wconf 91'>Hospitalitet.</span>
      <span class='ocrx_word' id='word_1_139' title='bbox 476 778 519 800; x_wconf 93'>Det</span>
      <span class='ocrx_word' id='word_1_140' title='bbox 532 783 591 804; x_wconf 91'>gaaer</span>
      <span class='ocrx_word' id='word_1_141' title='bbox 603 774 644 814; x_wconf 33'>her,</span>
     </span>
     <span class='ocr_line' id='line_1_20' title="bbox 72 811 645 838; baseline 0.003 -6; x_size 27; x_descenders 6; x_ascenders 6">
      <span class='ocrx_word' id='word_1_142' title='bbox 72 811 113 836; x_wconf 93'>som</span>
      <span class='ocrx_word' id='word_1_143' title='bbox 126 811 232 838; x_wconf 91'>allevegne,</span>
      <span class='ocrx_word' id='word_1_144' title='bbox 247 812 294 835; x_wconf 92'>hvor</span>
      <span class='ocrx_word' id='word_1_145' title='bbox 308 813 355 838; x_wconf 92'>Folk</span>
      <span class='ocrx_word' id='word_1_146' title='bbox 370 814 403 834; x_wconf 92'>boe</span>
      <span class='ocrx_word' id='word_1_147' title='bbox 418 813 517 836; x_wconf 89'>isolerede,</span>
      <span class='ocrx_word' id='word_1_148' title='bbox 532 814 609 835; x_wconf 91'>Verten</span>
      <span class='ocrx_word' id='word_1_149' title='bbox 624 818 645 834; x_wconf 92'>er</span>
     </span>
     <span class='ocr_line' id='line_1_21' title="bbox 72 848 644 874; baseline 0.005 -7; x_size 25; x_descenders 4; x_ascenders 6">
      <span class='ocrx_word' id='word_1_150' title='bbox 72 848 151 873; x_wconf 92'>gladere</span>
      <span class='ocrx_word' id='word_1_151' title='bbox 173 849 209 868; x_wconf 92'>ved</span>
      <span class='ocrx_word' id='word_1_152' title='bbox 229 848 314 874; x_wconf 92'>Besøget</span>
      <span class='ocrx_word' id='word_1_153' title='bbox 325 851 361 868; x_wconf 90'>end</span>
      <span class='ocrx_word' id='word_1_154' title='bbox 377 848 471 873; x_wconf 92'>Gjæsten.</span>
      <span class='ocrx_word' id='word_1_155' title='bbox 499 849 644 873; x_wconf 91'>Oversætteren</span>
     </span>
     <span class='ocr_line' id='line_1_22' title="bbox 71 882 643 910; baseline 0.005 -8; x_size 25; x_descenders 4; x_ascenders 6">
      <span class='ocrx_word' id='word_1_156' title='bbox 71 882 101 904; x_wconf 92'>vil</span>
      <span class='ocrx_word' id='word_1_157' title='bbox 116 882 169 908; x_wconf 90'>følge</span>
      <span class='ocrx_word' id='word_1_158' title='bbox 184 883 228 907; x_wconf 93'>ham</span>
      <span class='ocrx_word' id='word_1_159' title='bbox 247 888 286 908; x_wconf 92'>paa</span>
      <span class='ocrx_word' id='word_1_160' title='bbox 304 883 353 906; x_wconf 89'>disse</span>
      <span class='ocrx_word' id='word_1_161' title='bbox 373 883 487 910; x_wconf 91'>forskjellige</span>
      <span class='ocrx_word' id='word_1_162' title='bbox 508 883 643 908; x_wconf 89'>Excursioner,</span>
     </span>
     <span class='ocr_line' id='line_1_23' title="bbox 71 917 642 944; baseline 0.002 -6; x_size 26; x_descenders 5; x_ascenders 6">
      <span class='ocrx_word' id='word_1_163' title='bbox 71 922 96 943; x_wconf 93'>og</span>
      <span class='ocrx_word' id='word_1_164' title='bbox 112 917 196 939; x_wconf 92'>bemerke</span>
      <span class='ocrx_word' id='word_1_165' title='bbox 218 919 274 944; x_wconf 92'>deraf</span>
      <span class='ocrx_word' id='word_1_166' title='bbox 289 920 319 939; x_wconf 92'>det</span>
      <span class='ocrx_word' id='word_1_167' title='bbox 339 919 393 941; x_wconf 92'>lidet,</span>
      <span class='ocrx_word' id='word_1_168' title='bbox 414 919 454 944; x_wconf 91'>som</span>
      <span class='ocrx_word' id='word_1_169' title='bbox 472 919 508 940; x_wconf 92'>kan</span>
      <span class='ocrx_word' id='word_1_170' title='bbox 528 919 642 943; x_wconf 91'>interessere</span>
     </span>
     <span class='ocr_line' id='line_1_24' title="bbox 71 953 642 982; baseline 0.002 -8; x_size 26; x_descenders 5; x_ascenders 5">
      <span class='ocrx_word' id='word_1_171' title='bbox 71 953 132 974; x_wconf 91'>andre</span>
      <span class='ocrx_word' id='word_1_172' title='bbox 146 953 225 977; x_wconf 91'>Læsere,</span>
      <span class='ocrx_word' id='word_1_173' title='bbox 241 955 278 976; x_wconf 91'>end</span>
      <span class='ocrx_word' id='word_1_174' title='bbox 297 955 346 975; x_wconf 90'>dem,</span>
      <span class='ocrx_word' id='word_1_175' title='bbox 367 954 406 978; x_wconf 92'>som</span>
      <span class='ocrx_word' id='word_1_176' title='bbox 423 954 467 975; x_wconf 91'>ville</span>
      <span class='ocrx_word' id='word_1_177' title='bbox 487 954 546 980; x_wconf 92'>bygge</span>
      <span class='ocrx_word' id='word_1_178' title='bbox 564 960 588 982; x_wconf 92'>og</span>
      <span class='ocrx_word' id='word_1_179' title='bbox 607 954 642 975; x_wconf 90'>boe</span>
     </span>
     <span class='ocr_line' id='line_1_25' title="bbox 71 988 642 1017; baseline 0.004 -9; x_size 26; x_descenders 5; x_ascenders 6">
      <span class='ocrx_word' id='word_1_180' title='bbox 71 988 111 1009; x_wconf 92'>der.</span>
      <span class='ocrx_word' id='word_1_181' title='bbox 139 988 193 1009; x_wconf 92'>Man</span>
      <span class='ocrx_word' id='word_1_182' title='bbox 209 994 254 1010; x_wconf 92'>maa</span>
      <span class='ocrx_word' id='word_1_183' title='bbox 277 989 321 1013; x_wconf 92'>reise</span>
      <span class='ocrx_word' id='word_1_184' title='bbox 341 989 364 1010; x_wconf 92'>til</span>
      <span class='ocrx_word' id='word_1_185' title='bbox 383 989 439 1017; x_wconf 92'>Hest,</span>
      <span class='ocrx_word' id='word_1_186' title='bbox 460 989 527 1015; x_wconf 92'>bestige</span>
      <span class='ocrx_word' id='word_1_187' title='bbox 547 990 642 1015; x_wconf 91'>Fjeldene</span>
     </span>
     <span class='ocr_line' id='line_1_26' title="bbox 69 1023 640 1052; baseline 0.002 -7; x_size 28; x_descenders 6; x_ascenders 7">
      <span class='ocrx_word' id='word_1_188' title='bbox 69 1024 95 1045; x_wconf 92'>til</span>
      <span class='ocrx_word' id='word_1_189' title='bbox 115 1023 176 1049; x_wconf 90'>Fods,</span>
      <span class='ocrx_word' id='word_1_190' title='bbox 195 1023 335 1050; x_wconf 20'>Blvouaguere</span>
      <span class='ocrx_word' id='word_1_191' title='bbox 353 1024 398 1047; x_wconf 92'>ofte.</span>
      <span class='ocrx_word' id='word_1_192' title='bbox 426 1025 501 1052; x_wconf 90'>Høiere</span>
      <span class='ocrx_word' id='word_1_193' title='bbox 516 1024 589 1050; x_wconf 92'>Bjerge</span>
      <span class='ocrx_word' id='word_1_194' title='bbox 602 1025 640 1046; x_wconf 92'>end</span>
     </span>
     <span class='ocr_line' id='line_1_27' title="bbox 70 1058 638 1084; baseline 0.004 -6; x_size 25; x_descenders 4; x_ascenders 6">
      <span class='ocrx_word' id='word_1_195' title='bbox 70 1059 123 1078; x_wconf 89'>6ooo</span>
      <span class='ocrx_word' id='word_1_196' title='bbox 137 1058 203 1083; x_wconf 92'>norske</span>
      <span class='ocrx_word' id='word_1_197' title='bbox 221 1060 262 1084; x_wconf 93'>Fod</span>
      <span class='ocrx_word' id='word_1_198' title='bbox 281 1066 310 1081; x_wconf 92'>ere</span>
      <span class='ocrx_word' id='word_1_199' title='bbox 328 1059 385 1083; x_wconf 91'>hidtil</span>
      <span class='ocrx_word' id='word_1_200' title='bbox 404 1060 442 1081; x_wconf 91'>ikke</span>
      <span class='ocrx_word' id='word_1_201' title='bbox 460 1060 533 1084; x_wconf 91'>trufne.</span>
      <span class='ocrx_word' id='word_1_202' title='bbox 562 1060 638 1083; x_wconf 90'>Skove,</span>
     </span>
     <span class='ocr_line' id='line_1_28' title="bbox 69 1094 640 1121; baseline 0.002 -7; x_size 25; x_descenders 5; x_ascenders 5">
      <span class='ocrx_word' id='word_1_203' title='bbox 69 1094 298 1121; x_wconf 91'>uigjennemtrængelige</span>
      <span class='ocrx_word' id='word_1_204' title='bbox 307 1094 414 1120; x_wconf 91'>formedelst</span>
      <span class='ocrx_word' id='word_1_205' title='bbox 423 1096 579 1121; x_wconf 92'>Snylteplanter</span>
      <span class='ocrx_word' id='word_1_206' title='bbox 594 1095 640 1116; x_wconf 91'>eller</span>
     </span>
     <span class='ocr_line' id='line_1_29' title="bbox 68 1127 638 1156; baseline 0 -6; x_size 25; x_descenders 5; x_ascenders 5">
      <span class='ocrx_word' id='word_1_207' title='bbox 68 1127 157 1152; x_wconf 45'>Værxter,</span>
      <span class='ocrx_word' id='word_1_208' title='bbox 173 1132 206 1150; x_wconf 92'>der</span>
      <span class='ocrx_word' id='word_1_209' title='bbox 214 1130 261 1153; x_wconf 92'>have</span>
      <span class='ocrx_word' id='word_1_210' title='bbox 276 1130 343 1154; x_wconf 90'>hvasse</span>
      <span class='ocrx_word' id='word_1_211' title='bbox 352 1131 425 1153; x_wconf 91'>Torne,</span>
      <span class='ocrx_word' id='word_1_212' title='bbox 434 1130 534 1156; x_wconf 92'>omslynge</span>
      <span class='ocrx_word' id='word_1_213' title='bbox 546 1131 638 1152; x_wconf 92'>Træerne</span>
     </span>
     <span class='ocr_line' id='line_1_30' title="bbox 68 1164 637 1191; baseline 0.002 -5; x_size 27; x_descenders 5; x_ascenders 6">
      <span class='ocrx_word' id='word_1_214' title='bbox 68 1164 94 1187; x_wconf 91'>til</span>
      <span class='ocrx_word' id='word_1_215' title='bbox 109 1164 208 1191; x_wconf 91'>Toppene,</span>
      <span class='ocrx_word' id='word_1_216' title='bbox 217 1165 256 1191; x_wconf 91'>ofte</span>
      <span class='ocrx_word' id='word_1_217' title='bbox 270 1170 296 1189; x_wconf 14'>70</span>
      <span class='ocrx_word' id='word_1_218' title='bbox 310 1165 365 1188; x_wconf 14'> 80</span>
      <span class='ocrx_word' id='word_1_219' title='bbox 378 1164 451 1191; x_wconf 91'>Norske</span>
      <span class='ocrx_word' id='word_1_220' title='bbox 465 1166 517 1189; x_wconf 90'>Alen</span>
      <span class='ocrx_word' id='word_1_221' title='bbox 525 1166 574 1191; x_wconf 89'>høie.</span>
      <span class='ocrx_word' id='word_1_222' title='bbox 602 1165 637 1187; x_wconf 92'>De</span>
     </span>
    </p>
   </div>
  </div>
 </body>
</html>
